"Time","SrcPort","DstPort","Source","Protocol","Length"
"2017-01-19 21:27:16,870069","49376","80","10.1.19.103","TCP","66"
"2017-01-19 21:27:16,993893","80","49376","192.185.225.245","TCP","60"
"2017-01-19 21:27:16,994073","49376","80","10.1.19.103","TCP","60"
"2017-01-19 21:27:16,994203","49376","80","10.1.19.103","HTTP","304"
"2017-01-19 21:27:16,994299","80","49376","192.185.225.245","TCP","60"
"2017-01-19 21:27:18,686168","80","49376","192.185.225.245","TCP","594"
"2017-01-19 21:27:18,686369","49376","80","10.1.19.103","TCP","60"
"2017-01-19 21:27:18,748733","80","49376","192.185.225.245","TCP","322"
"2017-01-19 21:27:18,748968","49376","80","10.1.19.103","TCP","60"
"2017-01-19 21:27:20,077267","80","49376","192.185.225.245","TCP","1395"
"2017-01-19 21:27:20,077508","49376","80","10.1.19.103","TCP","60"
"2017-01-19 21:27:20,077514","80","49376","192.185.225.245","TCP","1395"
"2017-01-19 21:27:20,077599","49376","80","10.1.19.103","TCP","60"
"2017-01-19 21:27:20,077955","80","49376","192.185.225.245","TCP","1395"
"2017-01-19 21:27:20,078105","49376","80","10.1.19.103","TCP","60"
"2017-01-19 21:27:20,078364","80","49376","192.185.225.245","TCP","1395"
"2017-01-19 21:27:20,078434","49376","80","10.1.19.103","TCP","60"
"2017-01-19 21:27:20,078778","80","49376","192.185.225.245","TCP","1395"
"2017-01-19 21:27:20,079192","49376","80","10.1.19.103","TCP","60"
"2017-01-19 21:27:20,079831","80","49376","192.185.225.245","TCP","1395"
"2017-01-19 21:27:20,079968","49376","80","10.1.19.103","TCP","60"
"2017-01-19 21:27:20,080228","80","49376","192.185.225.245","TCP","1395"
"2017-01-19 21:27:20,080300","49376","80","10.1.19.103","TCP","60"
"2017-01-19 21:27:20,080685","80","49376","192.185.225.245","TCP","1395"
"2017-01-19 21:27:20,080917","49376","80","10.1.19.103","TCP","60"
"2017-01-19 21:27:20,081216","80","49376","192.185.225.245","TCP","1395"
"2017-01-19 21:27:20,081294","49376","80","10.1.19.103","TCP","60"
"2017-01-19 21:27:20,081298","80","49376","192.185.225.245","TCP","579"
"2017-01-19 21:27:20,081375","49376","80","10.1.19.103","TCP","60"
"2017-01-19 21:27:20,203369","80","49376","192.185.225.245","TCP","1395"
"2017-01-19 21:27:20,203520","49376","80","10.1.19.103","TCP","60"
"2017-01-19 21:27:20,203743","80","49376","192.185.225.245","TCP","1395"
"2017-01-19 21:27:20,203830","49376","80","10.1.19.103","TCP","60"
"2017-01-19 21:27:20,204051","80","49376","192.185.225.245","HTTP","1389"
"2017-01-19 21:27:20,204148","49376","80","10.1.19.103","TCP","60"
"2017-01-19 21:27:20,269392","49378","80","10.1.19.103","TCP","66"
"2017-01-19 21:27:20,453949","80","49378","188.225.32.189","TCP","60"
"2017-01-19 21:27:20,454142","49378","80","10.1.19.103","TCP","60"
"2017-01-19 21:27:20,454273","49378","80","10.1.19.103","HTTP","577"
"2017-01-19 21:27:20,454315","80","49378","188.225.32.189","TCP","60"
"2017-01-19 21:27:20,710791","80","49378","188.225.32.189","TCP","1514"
"2017-01-19 21:27:20,710793","80","49378","188.225.32.189","HTTP","624"
"2017-01-19 21:27:20,711033","49378","80","10.1.19.103","TCP","60"
"2017-01-19 21:27:20,896975","49378","80","10.1.19.103","HTTP","617"
"2017-01-19 21:27:20,897078","80","49378","188.225.32.189","TCP","60"
"2017-01-19 21:27:21,829491","80","49378","188.225.32.189","TCP","1395"
"2017-01-19 21:27:21,829666","49378","80","10.1.19.103","TCP","60"
"2017-01-19 21:27:21,829805","80","49378","188.225.32.189","TCP","1395"
"2017-01-19 21:27:21,830184","49378","80","10.1.19.103","TCP","60"
"2017-01-19 21:27:21,830189","80","49378","188.225.32.189","TCP","1395"
"2017-01-19 21:27:21,830503","49378","80","10.1.19.103","TCP","60"
"2017-01-19 21:27:21,830589","80","49378","188.225.32.189","TCP","1395"
"2017-01-19 21:27:21,830717","49378","80","10.1.19.103","TCP","60"
"2017-01-19 21:27:21,831781","80","49378","188.225.32.189","TCP","1395"
"2017-01-19 21:27:21,831902","49378","80","10.1.19.103","TCP","60"
"2017-01-19 21:27:21,832205","80","49378","188.225.32.189","TCP","1395"
"2017-01-19 21:27:21,832287","80","49378","188.225.32.189","TCP","211"
"2017-01-19 21:27:21,832345","49378","80","10.1.19.103","TCP","60"
"2017-01-19 21:27:21,832474","49378","80","10.1.19.103","TCP","60"
"2017-01-19 21:27:21,832731","80","49378","188.225.32.189","TCP","1395"
"2017-01-19 21:27:21,832809","49378","80","10.1.19.103","TCP","60"
"2017-01-19 21:27:21,833161","80","49378","188.225.32.189","TCP","1395"
"2017-01-19 21:27:21,833208","49378","80","10.1.19.103","TCP","60"
"2017-01-19 21:27:21,871487","80","49378","188.225.32.189","TCP","1395"
"2017-01-19 21:27:21,871594","49378","80","10.1.19.103","TCP","60"
"2017-01-19 21:27:22,014283","80","49378","188.225.32.189","TCP","1395"
"2017-01-19 21:27:22,014463","49378","80","10.1.19.103","TCP","60"
"2017-01-19 21:27:22,014627","80","49378","188.225.32.189","TCP","1395"
"2017-01-19 21:27:22,014728","49378","80","10.1.19.103","TCP","60"
"2017-01-19 21:27:22,014946","80","49378","188.225.32.189","TCP","1395"
"2017-01-19 21:27:22,015027","49378","80","10.1.19.103","TCP","60"
"2017-01-19 21:27:22,018060","80","49378","188.225.32.189","TCP","1395"
"2017-01-19 21:27:22,018171","49378","80","10.1.19.103","TCP","60"
"2017-01-19 21:27:22,018498","80","49378","188.225.32.189","TCP","1395"
"2017-01-19 21:27:22,018784","49378","80","10.1.19.103","TCP","60"
"2017-01-19 21:27:22,018977","80","49378","188.225.32.189","TCP","1395"
"2017-01-19 21:27:22,019055","49378","80","10.1.19.103","TCP","60"
"2017-01-19 21:27:22,019437","80","49378","188.225.32.189","TCP","1395"
"2017-01-19 21:27:22,019787","49378","80","10.1.19.103","TCP","60"
"2017-01-19 21:27:22,019880","80","49378","188.225.32.189","TCP","1395"
"2017-01-19 21:27:22,020337","49378","80","10.1.19.103","TCP","60"
"2017-01-19 21:27:22,022011","80","49378","188.225.32.189","TCP","1395"
"2017-01-19 21:27:22,022083","49378","80","10.1.19.103","TCP","60"
"2017-01-19 21:27:22,022387","80","49378","188.225.32.189","TCP","1395"
"2017-01-19 21:27:22,022465","49378","80","10.1.19.103","TCP","60"
"2017-01-19 21:27:22,022924","80","49378","188.225.32.189","TCP","1395"
"2017-01-19 21:27:22,022970","49378","80","10.1.19.103","TCP","60"
"2017-01-19 21:27:22,023361","80","49378","188.225.32.189","TCP","1395"
"2017-01-19 21:27:22,023435","49378","80","10.1.19.103","TCP","60"
"2017-01-19 21:27:22,023809","80","49378","188.225.32.189","TCP","1395"
"2017-01-19 21:27:22,023882","49378","80","10.1.19.103","TCP","60"
"2017-01-19 21:27:22,024310","80","49378","188.225.32.189","TCP","1395"
"2017-01-19 21:27:22,024372","49378","80","10.1.19.103","TCP","60"
"2017-01-19 21:27:22,024758","80","49378","188.225.32.189","TCP","1395"
"2017-01-19 21:27:22,024815","49378","80","10.1.19.103","TCP","60"
"2017-01-19 21:27:22,025166","80","49378","188.225.32.189","TCP","1395"
"2017-01-19 21:27:22,025240","49378","80","10.1.19.103","TCP","60"
"2017-01-19 21:27:22,025890","80","49378","188.225.32.189","TCP","1395"
"2017-01-19 21:27:22,026170","49378","80","10.1.19.103","TCP","60"
"2017-01-19 21:27:22,026367","80","49378","188.225.32.189","TCP","1395"
"2017-01-19 21:27:22,026696","49378","80","10.1.19.103","TCP","60"
"2017-01-19 21:27:22,029020","49378","80","10.1.19.103","TCP","60"
"2017-01-19 21:27:22,085218","80","49378","188.225.32.189","TCP","1395"
"2017-01-19 21:27:22,085288","80","49378","188.225.32.189","TCP","1395"
"2017-01-19 21:27:22,085470","49378","80","10.1.19.103","TCP","60"
"2017-01-19 21:27:22,208873","80","49378","188.225.32.189","TCP","1514"
"2017-01-19 21:27:22,208890","80","49378","188.225.32.189","TCP","1276"
"2017-01-19 21:27:22,209047","49378","80","10.1.19.103","TCP","60"
"2017-01-19 21:27:22,390189","80","49378","188.225.32.189","TCP","1514"
"2017-01-19 21:27:22,390203","80","49378","188.225.32.189","TCP","1514"
"2017-01-19 21:27:22,390204","80","49378","188.225.32.189","TCP","1514"
"2017-01-19 21:27:22,390206","80","49378","188.225.32.189","TCP","1514"
"2017-01-19 21:27:22,390208","80","49378","188.225.32.189","TCP","1514"
"2017-01-19 21:27:22,390209","80","49378","188.225.32.189","TCP","1514"
"2017-01-19 21:27:22,390210","80","49378","188.225.32.189","TCP","681"
"2017-01-19 21:27:22,390333","49378","80","10.1.19.103","TCP","60"
"2017-01-19 21:27:23,034152","80","49378","188.225.32.189","HTTP","146"
"2017-01-19 21:27:23,034265","49378","80","10.1.19.103","TCP","60"
"2017-01-19 21:27:23,369349","49378","80","10.1.19.103","HTTP","750"
"2017-01-19 21:27:23,369452","80","49378","188.225.32.189","TCP","60"
"2017-01-19 21:27:23,958602","80","49378","188.225.32.189","TCP","1395"
"2017-01-19 21:27:23,958678","80","49378","188.225.32.189","TCP","1395"
"2017-01-19 21:27:23,958684","49378","80","10.1.19.103","TCP","60"
"2017-01-19 21:27:23,958856","49378","80","10.1.19.103","TCP","60"
"2017-01-19 21:27:24,149134","80","49378","188.225.32.189","TCP","1395"
"2017-01-19 21:27:24,149358","80","49378","188.225.32.189","TCP","1395"
"2017-01-19 21:27:24,149364","49378","80","10.1.19.103","TCP","60"
"2017-01-19 21:27:24,149366","49378","80","10.1.19.103","TCP","60"
"2017-01-19 21:27:24,149456","80","49378","188.225.32.189","TCP","1395"
"2017-01-19 21:27:24,149637","49378","80","10.1.19.103","TCP","60"
"2017-01-19 21:27:24,149763","80","49378","188.225.32.189","TCP","1395"
"2017-01-19 21:27:24,149836","49378","80","10.1.19.103","TCP","60"
"2017-01-19 21:27:24,336797","80","49378","188.225.32.189","TCP","1395"
"2017-01-19 21:27:24,336814","80","49378","188.225.32.189","TCP","1395"
"2017-01-19 21:27:24,336981","49378","80","10.1.19.103","TCP","60"
"2017-01-19 21:27:24,337073","80","49378","188.225.32.189","TCP","1395"
"2017-01-19 21:27:24,337166","49378","80","10.1.19.103","TCP","60"
"2017-01-19 21:27:24,337346","80","49378","188.225.32.189","TCP","1395"
"2017-01-19 21:27:24,337655","80","49378","188.225.32.189","TCP","1395"
"2017-01-19 21:27:24,337783","49378","80","10.1.19.103","TCP","60"
"2017-01-19 21:27:24,338006","80","49378","188.225.32.189","TCP","1395"
"2017-01-19 21:27:24,338109","49378","80","10.1.19.103","TCP","60"
"2017-01-19 21:27:24,338275","80","49378","188.225.32.189","TCP","1395"
"2017-01-19 21:27:24,338577","49378","80","10.1.19.103","TCP","60"
"2017-01-19 21:27:24,338583","80","49378","188.225.32.189","TCP","1395"
"2017-01-19 21:27:24,338648","49378","80","10.1.19.103","TCP","60"
"2017-01-19 21:27:24,533883","80","49378","188.225.32.189","TCP","1395"
"2017-01-19 21:27:24,534026","80","49378","188.225.32.189","TCP","1395"
"2017-01-19 21:27:24,534032","49378","80","10.1.19.103","TCP","60"
"2017-01-19 21:27:24,534151","49378","80","10.1.19.103","TCP","60"
"2017-01-19 21:27:24,534264","80","49378","188.225.32.189","TCP","1395"
"2017-01-19 21:27:24,534346","49378","80","10.1.19.103","TCP","60"
"2017-01-19 21:27:24,534544","80","49378","188.225.32.189","TCP","1395"
"2017-01-19 21:27:24,534628","49378","80","10.1.19.103","TCP","60"
"2017-01-19 21:27:24,534831","80","49378","188.225.32.189","TCP","1395"
"2017-01-19 21:27:24,534898","49378","80","10.1.19.103","TCP","60"
"2017-01-19 21:27:24,535185","80","49378","188.225.32.189","TCP","1395"
"2017-01-19 21:27:24,535346","49378","80","10.1.19.103","TCP","60"
"2017-01-19 21:27:24,535465","80","49378","188.225.32.189","TCP","1395"
"2017-01-19 21:27:24,535551","49378","80","10.1.19.103","TCP","60"
"2017-01-19 21:27:24,535754","80","49378","188.225.32.189","TCP","1395"
"2017-01-19 21:27:24,535824","49378","80","10.1.19.103","TCP","60"
"2017-01-19 21:27:24,536088","80","49378","188.225.32.189","TCP","1395"
"2017-01-19 21:27:24,536164","49378","80","10.1.19.103","TCP","60"
"2017-01-19 21:27:24,536415","80","49378","188.225.32.189","TCP","1395"
"2017-01-19 21:27:24,536473","49378","80","10.1.19.103","TCP","60"
"2017-01-19 21:27:24,536688","80","49378","188.225.32.189","TCP","1395"
"2017-01-19 21:27:24,536822","49378","80","10.1.19.103","TCP","60"
"2017-01-19 21:27:24,536964","80","49378","188.225.32.189","TCP","1395"
"2017-01-19 21:27:24,537059","49378","80","10.1.19.103","TCP","60"
"2017-01-19 21:27:24,537533","80","49378","188.225.32.189","TCP","1395"
"2017-01-19 21:27:24,537636","49378","80","10.1.19.103","TCP","60"
"2017-01-19 21:27:24,537800","80","49378","188.225.32.189","TCP","1395"
"2017-01-19 21:27:24,538083","80","49378","188.225.32.189","HTTP","996"
"2017-01-19 21:27:24,538092","49378","80","10.1.19.103","TCP","60"
"2017-01-19 21:27:24,538171","49378","80","10.1.19.103","TCP","60"
"2017-01-19 21:27:26,597490","49389","80","10.1.19.103","TCP","66"
"2017-01-19 21:27:26,773039","80","49389","188.225.32.189","TCP","60"
"2017-01-19 21:27:26,774737","49389","80","10.1.19.103","TCP","60"
"2017-01-19 21:27:26,774841","49389","80","10.1.19.103","HTTP","526"
"2017-01-19 21:27:26,774985","80","49389","188.225.32.189","TCP","60"
"2017-01-19 21:27:26,873818","49390","80","10.1.19.103","TCP","66"
"2017-01-19 21:27:27,057366","80","49390","188.225.32.189","TCP","60"
"2017-01-19 21:27:27,057587","49390","80","10.1.19.103","TCP","60"
"2017-01-19 21:27:27,057720","49390","80","10.1.19.103","HTTP","533"
"2017-01-19 21:27:27,057802","80","49390","188.225.32.189","TCP","60"
"2017-01-19 21:27:28,531090","80","49389","188.225.32.189","TCP","1514"
"2017-01-19 21:27:28,531106","80","49389","188.225.32.189","TCP","1276"
"2017-01-19 21:27:28,531111","80","49389","188.225.32.189","TCP","1514"
"2017-01-19 21:27:28,531114","80","49389","188.225.32.189","TCP","1276"
"2017-01-19 21:27:28,531167","80","49389","188.225.32.189","TCP","1395"
"2017-01-19 21:27:28,531172","49389","80","10.1.19.103","TCP","60"
"2017-01-19 21:27:28,531383","49389","80","10.1.19.103","TCP","60"
"2017-01-19 21:27:28,531388","80","49389","188.225.32.189","TCP","1395"
"2017-01-19 21:27:28,531389","80","49389","188.225.32.189","TCP","1395"
"2017-01-19 21:27:28,531390","80","49389","188.225.32.189","TCP","1395"
"2017-01-19 21:27:28,531542","80","49389","188.225.32.189","TCP","1514"
"2017-01-19 21:27:28,531550","80","49389","188.225.32.189","TCP","165"
"2017-01-19 21:27:28,531552","49389","80","10.1.19.103","TCP","60"
"2017-01-19 21:27:28,531555","49389","80","10.1.19.103","TCP","60"
"2017-01-19 21:27:28,711467","80","49389","188.225.32.189","TCP","1395"
"2017-01-19 21:27:28,711481","80","49389","188.225.32.189","TCP","1514"
"2017-01-19 21:27:28,711483","80","49389","188.225.32.189","TCP","1276"
"2017-01-19 21:27:28,711619","80","49389","188.225.32.189","TCP","1395"
"2017-01-19 21:27:28,711814","49389","80","10.1.19.103","TCP","60"
"2017-01-19 21:27:28,712856","80","49389","188.225.32.189","TCP","1395"
"2017-01-19 21:27:28,712949","80","49389","188.225.32.189","TCP","1395"
"2017-01-19 21:27:28,713044","80","49389","188.225.32.189","TCP","1395"
"2017-01-19 21:27:28,713165","80","49389","188.225.32.189","TCP","1395"
"2017-01-19 21:27:28,713299","80","49389","188.225.32.189","TCP","1395"
"2017-01-19 21:27:28,713306","49389","80","10.1.19.103","TCP","60"
"2017-01-19 21:27:28,713309","80","49389","188.225.32.189","TCP","1395"
"2017-01-19 21:27:28,713352","80","49389","188.225.32.189","TCP","1395"
"2017-01-19 21:27:28,713458","80","49389","188.225.32.189","TCP","1395"
"2017-01-19 21:27:28,713465","49389","80","10.1.19.103","TCP","60"
"2017-01-19 21:27:28,713720","80","49389","188.225.32.189","TCP","1395"
"2017-01-19 21:27:28,713823","80","49389","188.225.32.189","TCP","1395"
"2017-01-19 21:27:28,713992","80","49389","188.225.32.189","TCP","1395"
"2017-01-19 21:27:28,713997","49389","80","10.1.19.103","TCP","60"
"2017-01-19 21:27:28,714000","80","49389","188.225.32.189","TCP","1395"
"2017-01-19 21:27:28,714123","80","49389","188.225.32.189","TCP","1395"
"2017-01-19 21:27:28,714127","49389","80","10.1.19.103","TCP","60"
"2017-01-19 21:27:28,714128","80","49389","188.225.32.189","TCP","1395"
"2017-01-19 21:27:28,714263","49389","80","10.1.19.103","TCP","60"
"2017-01-19 21:27:28,714785","80","49389","188.225.32.189","TCP","1395"
"2017-01-19 21:27:28,715553","80","49389","188.225.32.189","TCP","1395"
"2017-01-19 21:27:28,715711","49389","80","10.1.19.103","TCP","60"
"2017-01-19 21:27:28,739284","80","49390","188.225.32.189","TCP","1514"
"2017-01-19 21:27:28,739297","80","49390","188.225.32.189","TCP","1276"
"2017-01-19 21:27:28,739436","80","49390","188.225.32.189","TCP","1395"
"2017-01-19 21:27:28,739441","49390","80","10.1.19.103","TCP","60"
"2017-01-19 21:27:28,739545","80","49390","188.225.32.189","TCP","1395"
"2017-01-19 21:27:28,739610","49390","80","10.1.19.103","TCP","60"
"2017-01-19 21:27:28,739648","80","49390","188.225.32.189","TCP","1395"
"2017-01-19 21:27:28,740027","80","49390","188.225.32.189","TCP","1395"
"2017-01-19 21:27:28,740163","80","49390","188.225.32.189","TCP","1395"
"2017-01-19 21:27:28,740169","49390","80","10.1.19.103","TCP","60"
"2017-01-19 21:27:28,740294","80","49390","188.225.32.189","TCP","1395"
"2017-01-19 21:27:28,740361","49390","80","10.1.19.103","TCP","60"
"2017-01-19 21:27:28,740458","80","49390","188.225.32.189","TCP","1514"
"2017-01-19 21:27:28,740464","80","49390","188.225.32.189","TCP","165"
"2017-01-19 21:27:28,740555","49390","80","10.1.19.103","TCP","60"
"2017-01-19 21:27:28,887820","80","49389","188.225.32.189","TCP","1514"
"2017-01-19 21:27:28,887839","80","49389","188.225.32.189","TCP","1276"
"2017-01-19 21:27:28,888030","49389","80","10.1.19.103","TCP","60"
"2017-01-19 21:27:28,889104","80","49389","188.225.32.189","TCP","1395"
"2017-01-19 21:27:28,890290","80","49389","188.225.32.189","TCP","1395"
"2017-01-19 21:27:28,890298","80","49389","188.225.32.189","TCP","1395"
"2017-01-19 21:27:28,890452","49389","80","10.1.19.103","TCP","60"
"2017-01-19 21:27:28,890458","80","49389","188.225.32.189","TCP","1395"
"2017-01-19 21:27:28,894822","80","49389","188.225.32.189","TCP","1514"
"2017-01-19 21:27:28,894857","80","49389","188.225.32.189","TCP","1514"
"2017-01-19 21:27:28,894860","80","49389","188.225.32.189","TCP","1157"
"2017-01-19 21:27:28,894863","80","49389","188.225.32.189","TCP","1514"
"2017-01-19 21:27:28,894866","80","49389","188.225.32.189","TCP","1514"
"2017-01-19 21:27:28,894869","80","49389","188.225.32.189","TCP","1514"
"2017-01-19 21:27:28,894871","80","49389","188.225.32.189","TCP","1038"
"2017-01-19 21:27:28,895071","80","49389","188.225.32.189","TCP","1514"
"2017-01-19 21:27:28,895078","80","49389","188.225.32.189","TCP","1276"
"2017-01-19 21:27:28,895081","80","49389","188.225.32.189","TCP","1395"
"2017-01-19 21:27:28,895189","80","49389","188.225.32.189","TCP","1395"
"2017-01-19 21:27:28,895321","49389","80","10.1.19.103","TCP","60"
"2017-01-19 21:27:28,895325","80","49389","188.225.32.189","TCP","1514"
"2017-01-19 21:27:28,895327","80","49389","188.225.32.189","TCP","1276"
"2017-01-19 21:27:28,895497","80","49389","188.225.32.189","TCP","1514"
"2017-01-19 21:27:28,895503","80","49389","188.225.32.189","TCP","1276"
"2017-01-19 21:27:28,895657","80","49389","188.225.32.189","TCP","1395"
"2017-01-19 21:27:28,895664","49389","80","10.1.19.103","TCP","60"
"2017-01-19 21:27:28,895666","80","49389","188.225.32.189","TCP","1395"
"2017-01-19 21:27:28,895973","49389","80","10.1.19.103","TCP","60"
"2017-01-19 21:27:28,896820","80","49389","188.225.32.189","TCP","1395"
"2017-01-19 21:27:28,896958","80","49389","188.225.32.189","TCP","1395"
"2017-01-19 21:27:28,897087","49389","80","10.1.19.103","TCP","60"
"2017-01-19 21:27:28,897095","80","49389","188.225.32.189","TCP","1395"
"2017-01-19 21:27:28,897266","80","49389","188.225.32.189","TCP","1395"
"2017-01-19 21:27:28,897345","49389","80","10.1.19.103","TCP","60"
"2017-01-19 21:27:28,897427","80","49389","188.225.32.189","TCP","1395"
"2017-01-19 21:27:28,897561","80","49389","188.225.32.189","TCP","1395"
"2017-01-19 21:27:28,897714","49389","80","10.1.19.103","TCP","60"
"2017-01-19 21:27:28,897721","80","49389","188.225.32.189","TCP","1395"
"2017-01-19 21:27:28,898817","80","49389","188.225.32.189","TCP","1395"
"2017-01-19 21:27:28,898968","80","49389","188.225.32.189","TCP","1395"
"2017-01-19 21:27:28,899093","49389","80","10.1.19.103","TCP","60"
"2017-01-19 21:27:28,899141","80","49389","188.225.32.189","TCP","1395"
"2017-01-19 21:27:28,899250","80","49389","188.225.32.189","TCP","1395"
"2017-01-19 21:27:28,899329","49389","80","10.1.19.103","TCP","60"
"2017-01-19 21:27:28,899392","80","49389","188.225.32.189","TCP","1395"
"2017-01-19 21:27:28,899566","80","49389","188.225.32.189","TCP","1395"
"2017-01-19 21:27:28,899572","49389","80","10.1.19.103","TCP","60"
"2017-01-19 21:27:28,899663","80","49389","188.225.32.189","TCP","1395"
"2017-01-19 21:27:28,899823","49389","80","10.1.19.103","TCP","60"
"2017-01-19 21:27:28,900004","80","49389","188.225.32.189","TCP","1395"
"2017-01-19 21:27:28,927004","80","49390","188.225.32.189","TCP","1514"
"2017-01-19 21:27:28,927024","80","49390","188.225.32.189","TCP","1276"
"2017-01-19 21:27:28,927188","80","49390","188.225.32.189","TCP","1395"
"2017-01-19 21:27:28,927196","49390","80","10.1.19.103","TCP","60"
"2017-01-19 21:27:28,927212","80","49390","188.225.32.189","TCP","1395"
"2017-01-19 21:27:28,927421","80","49390","188.225.32.189","TCP","1395"
"2017-01-19 21:27:28,927429","80","49390","188.225.32.189","TCP","1395"
"2017-01-19 21:27:28,927433","80","49390","188.225.32.189","TCP","1395"
"2017-01-19 21:27:28,927435","80","49390","188.225.32.189","TCP","1395"
"2017-01-19 21:27:28,927495","80","49390","188.225.32.189","TCP","1514"
"2017-01-19 21:27:28,927500","49390","80","10.1.19.103","TCP","60"
"2017-01-19 21:27:28,927517","80","49390","188.225.32.189","TCP","1276"
"2017-01-19 21:27:28,927641","49390","80","10.1.19.103","TCP","60"
"2017-01-19 21:27:28,927783","80","49390","188.225.32.189","TCP","1395"
"2017-01-19 21:27:28,927938","80","49390","188.225.32.189","TCP","1395"
"2017-01-19 21:27:28,928119","80","49390","188.225.32.189","TCP","1395"
"2017-01-19 21:27:28,928213","49390","80","10.1.19.103","TCP","60"
"2017-01-19 21:27:28,928271","80","49390","188.225.32.189","TCP","1395"
"2017-01-19 21:27:28,928837","80","49390","188.225.32.189","TCP","1395"
"2017-01-19 21:27:28,928972","80","49390","188.225.32.189","TCP","1395"
"2017-01-19 21:27:28,929046","49390","80","10.1.19.103","TCP","60"
"2017-01-19 21:27:28,929648","80","49390","188.225.32.189","TCP","1395"
"2017-01-19 21:27:28,929792","49390","80","10.1.19.103","TCP","60"
"2017-01-19 21:27:28,929873","80","49390","188.225.32.189","TCP","1395"
"2017-01-19 21:27:28,929976","80","49390","188.225.32.189","TCP","1395"
"2017-01-19 21:27:28,930060","49390","80","10.1.19.103","TCP","60"
"2017-01-19 21:27:28,930140","80","49390","188.225.32.189","TCP","1395"
"2017-01-19 21:27:28,993276","80","49389","188.225.32.189","TCP","1514"
"2017-01-19 21:27:28,993293","80","49389","188.225.32.189","TCP","1276"
"2017-01-19 21:27:28,993382","49389","80","10.1.19.103","TCP","60"
"2017-01-19 21:27:29,033210","80","49390","188.225.32.189","TCP","1395"
"2017-01-19 21:27:29,033352","49390","80","10.1.19.103","TCP","60"
"2017-01-19 21:27:29,080330","80","49389","188.225.32.189","TCP","1514"
"2017-01-19 21:27:29,080349","80","49389","188.225.32.189","TCP","1514"
"2017-01-19 21:27:29,080351","80","49389","188.225.32.189","TCP","1157"
"2017-01-19 21:27:29,080353","80","49389","188.225.32.189","TCP","1395"
"2017-01-19 21:27:29,080470","49389","80","10.1.19.103","TCP","60"
"2017-01-19 21:27:29,092982","80","49389","188.225.32.189","TCP","1514"
"2017-01-19 21:27:29,093000","80","49389","188.225.32.189","TCP","1514"
"2017-01-19 21:27:29,093002","80","49389","188.225.32.189","TCP","1157"
"2017-01-19 21:27:29,093004","80","49389","188.225.32.189","TCP","1395"
"2017-01-19 21:27:29,093006","80","49389","188.225.32.189","TCP","1395"
"2017-01-19 21:27:29,093165","49389","80","10.1.19.103","TCP","60"
"2017-01-19 21:27:29,093242","80","49389","188.225.32.189","TCP","1395"
"2017-01-19 21:27:29,093287","80","49389","188.225.32.189","TCP","1395"
"2017-01-19 21:27:29,093291","49389","80","10.1.19.103","TCP","60"
"2017-01-19 21:27:29,093365","80","49389","188.225.32.189","TCP","1395"
"2017-01-19 21:27:29,093417","49389","80","10.1.19.103","TCP","60"
"2017-01-19 21:27:29,094502","80","49389","188.225.32.189","TCP","1395"
"2017-01-19 21:27:29,095551","80","49389","188.225.32.189","TCP","1395"
"2017-01-19 21:27:29,095698","49389","80","10.1.19.103","TCP","60"
"2017-01-19 21:27:29,095703","80","49389","188.225.32.189","TCP","1395"
"2017-01-19 21:27:29,095960","80","49389","188.225.32.189","TCP","1395"
"2017-01-19 21:27:29,095966","80","49389","188.225.32.189","TCP","1395"
"2017-01-19 21:27:29,096020","49389","80","10.1.19.103","TCP","60"
"2017-01-19 21:27:29,096162","80","49389","188.225.32.189","TCP","1395"
"2017-01-19 21:27:29,096584","49389","80","10.1.19.103","TCP","60"
"2017-01-19 21:27:29,097341","80","49389","188.225.32.189","TCP","1395"
"2017-01-19 21:27:29,097508","80","49389","188.225.32.189","TCP","1395"
"2017-01-19 21:27:29,097514","80","49389","188.225.32.189","TCP","1395"
"2017-01-19 21:27:29,097682","80","49389","188.225.32.189","TCP","1395"
"2017-01-19 21:27:29,097689","49389","80","10.1.19.103","TCP","60"
"2017-01-19 21:27:29,097692","80","49389","188.225.32.189","TCP","1395"
"2017-01-19 21:27:29,097843","80","49389","188.225.32.189","TCP","1395"
"2017-01-19 21:27:29,097849","80","49389","188.225.32.189","TCP","1395"
"2017-01-19 21:27:29,097941","49389","80","10.1.19.103","TCP","60"
"2017-01-19 21:27:29,098269","80","49389","188.225.32.189","TCP","1395"
"2017-01-19 21:27:29,098427","49389","80","10.1.19.103","TCP","60"
"2017-01-19 21:27:29,098433","80","49389","188.225.32.189","TCP","1395"
"2017-01-19 21:27:29,098485","80","49389","188.225.32.189","TCP","1395"
"2017-01-19 21:27:29,098532","80","49389","188.225.32.189","TCP","1395"
"2017-01-19 21:27:29,098666","49389","80","10.1.19.103","TCP","60"
"2017-01-19 21:27:29,098673","80","49389","188.225.32.189","TCP","1395"
"2017-01-19 21:27:29,098737","80","49389","188.225.32.189","TCP","1395"
"2017-01-19 21:27:29,098818","49389","80","10.1.19.103","TCP","60"
"2017-01-19 21:27:29,099306","80","49389","188.225.32.189","TCP","1395"
"2017-01-19 21:27:29,099380","80","49389","188.225.32.189","TCP","1395"
"2017-01-19 21:27:29,099444","80","49389","188.225.32.189","TCP","1395"
"2017-01-19 21:27:29,099565","49389","80","10.1.19.103","TCP","60"
"2017-01-19 21:27:29,100087","80","49389","188.225.32.189","TCP","1395"
"2017-01-19 21:27:29,100238","80","49389","188.225.32.189","TCP","1395"
"2017-01-19 21:27:29,100386","80","49389","188.225.32.189","TCP","1395"
"2017-01-19 21:27:29,100393","49389","80","10.1.19.103","TCP","60"
"2017-01-19 21:27:29,100731","80","49389","188.225.32.189","TCP","1395"
"2017-01-19 21:27:29,100905","80","49389","188.225.32.189","TCP","1395"
"2017-01-19 21:27:29,100912","49389","80","10.1.19.103","TCP","60"
"2017-01-19 21:27:29,101097","80","49389","188.225.32.189","TCP","1395"
"2017-01-19 21:27:29,101239","80","49389","188.225.32.189","TCP","1395"
"2017-01-19 21:27:29,101314","49389","80","10.1.19.103","TCP","60"
"2017-01-19 21:27:29,101808","80","49389","188.225.32.189","TCP","1395"
"2017-01-19 21:27:29,101897","49389","80","10.1.19.103","TCP","60"
"2017-01-19 21:27:29,102380","80","49389","188.225.32.189","TCP","1395"
"2017-01-19 21:27:29,102484","80","49389","188.225.32.189","TCP","1395"
"2017-01-19 21:27:29,102589","80","49389","188.225.32.189","TCP","1395"
"2017-01-19 21:27:29,102697","49389","80","10.1.19.103","TCP","60"
"2017-01-19 21:27:29,102849","80","49389","188.225.32.189","TCP","1395"
"2017-01-19 21:27:29,103004","80","49389","188.225.32.189","TCP","1395"
"2017-01-19 21:27:29,103105","80","49389","188.225.32.189","TCP","1395"
"2017-01-19 21:27:29,103111","49389","80","10.1.19.103","TCP","60"
"2017-01-19 21:27:29,103222","49389","80","10.1.19.103","TCP","60"
"2017-01-19 21:27:29,103957","80","49389","188.225.32.189","TCP","1395"
"2017-01-19 21:27:29,104041","80","49389","188.225.32.189","TCP","1395"
"2017-01-19 21:27:29,104140","49389","80","10.1.19.103","TCP","60"
"2017-01-19 21:27:29,140594","80","49389","188.225.32.189","TCP","1514"
"2017-01-19 21:27:29,140612","80","49389","188.225.32.189","TCP","1514"
"2017-01-19 21:27:29,140615","80","49389","188.225.32.189","TCP","1157"
"2017-01-19 21:27:29,140868","49389","80","10.1.19.103","TCP","60"
"2017-01-19 21:27:29,140967","80","49389","188.225.32.189","TCP","1395"
"2017-01-19 21:27:29,141060","80","49390","188.225.32.189","TCP","1395"
"2017-01-19 21:27:29,141242","80","49390","188.225.32.189","TCP","1395"
"2017-01-19 21:27:29,141400","49390","80","10.1.19.103","TCP","60"
"2017-01-19 21:27:29,141407","80","49390","188.225.32.189","TCP","1395"
"2017-01-19 21:27:29,141520","80","49390","188.225.32.189","TCP","1395"
"2017-01-19 21:27:29,141676","80","49390","188.225.32.189","TCP","1395"
"2017-01-19 21:27:29,141685","49390","80","10.1.19.103","TCP","60"
"2017-01-19 21:27:29,141839","80","49390","188.225.32.189","TCP","1395"
"2017-01-19 21:27:29,141965","80","49390","188.225.32.189","TCP","1395"
"2017-01-19 21:27:29,142148","80","49390","188.225.32.189","TCP","1395"
"2017-01-19 21:27:29,142157","49390","80","10.1.19.103","TCP","60"
"2017-01-19 21:27:29,142316","80","49390","188.225.32.189","TCP","1395"
"2017-01-19 21:27:29,142398","49390","80","10.1.19.103","TCP","60"
"2017-01-19 21:27:29,142555","80","49390","188.225.32.189","TCP","1395"
"2017-01-19 21:27:29,142560","80","49390","188.225.32.189","TCP","1395"
"2017-01-19 21:27:29,142690","49390","80","10.1.19.103","TCP","60"
"2017-01-19 21:27:29,142795","80","49390","188.225.32.189","TCP","1395"
"2017-01-19 21:27:29,142912","80","49390","188.225.32.189","TCP","1395"
"2017-01-19 21:27:29,143042","49390","80","10.1.19.103","TCP","60"
"2017-01-19 21:27:29,143046","80","49390","188.225.32.189","TCP","1395"
"2017-01-19 21:27:29,143201","80","49390","188.225.32.189","TCP","1395"
"2017-01-19 21:27:29,143272","49390","80","10.1.19.103","TCP","60"
"2017-01-19 21:27:29,143351","80","49390","188.225.32.189","TCP","1395"
"2017-01-19 21:27:29,143506","80","49390","188.225.32.189","TCP","1395"
"2017-01-19 21:27:29,143544","49390","80","10.1.19.103","TCP","60"
"2017-01-19 21:27:29,143698","80","49390","188.225.32.189","TCP","1395"
"2017-01-19 21:27:29,143813","80","49390","188.225.32.189","TCP","1395"
"2017-01-19 21:27:29,143883","49390","80","10.1.19.103","TCP","60"
"2017-01-19 21:27:29,143932","80","49390","188.225.32.189","TCP","1395"
"2017-01-19 21:27:29,144129","80","49390","188.225.32.189","TCP","1395"
"2017-01-19 21:27:29,144196","49390","80","10.1.19.103","TCP","60"
"2017-01-19 21:27:29,144260","80","49390","188.225.32.189","TCP","1395"
"2017-01-19 21:27:29,144423","80","49390","188.225.32.189","TCP","1395"
"2017-01-19 21:27:29,144504","49390","80","10.1.19.103","TCP","60"
"2017-01-19 21:27:29,144591","80","49390","188.225.32.189","TCP","1395"
"2017-01-19 21:27:29,153612","80","49390","188.225.32.189","TCP","1395"
"2017-01-19 21:27:29,153632","80","49390","188.225.32.189","TCP","1514"
"2017-01-19 21:27:29,153635","80","49390","188.225.32.189","TCP","1276"
"2017-01-19 21:27:29,153637","80","49390","188.225.32.189","TCP","1395"
"2017-01-19 21:27:29,153639","80","49390","188.225.32.189","TCP","1395"
"2017-01-19 21:27:29,153836","80","49390","188.225.32.189","TCP","1395"
"2017-01-19 21:27:29,153842","49390","80","10.1.19.103","TCP","60"
"2017-01-19 21:27:29,153982","80","49390","188.225.32.189","TCP","1395"
"2017-01-19 21:27:29,153987","49390","80","10.1.19.103","TCP","60"
"2017-01-19 21:27:29,154039","80","49390","188.225.32.189","TCP","1395"
"2017-01-19 21:27:29,154209","80","49390","188.225.32.189","TCP","1395"
"2017-01-19 21:27:29,154282","49390","80","10.1.19.103","TCP","60"
"2017-01-19 21:27:29,154389","80","49390","188.225.32.189","TCP","1395"
"2017-01-19 21:27:29,154497","80","49390","188.225.32.189","TCP","1395"
"2017-01-19 21:27:29,154648","49390","80","10.1.19.103","TCP","60"
"2017-01-19 21:27:29,154653","80","49390","188.225.32.189","TCP","1395"
"2017-01-19 21:27:29,154823","80","49390","188.225.32.189","TCP","1395"
"2017-01-19 21:27:29,154941","49390","80","10.1.19.103","TCP","60"
"2017-01-19 21:27:29,155045","80","49390","188.225.32.189","TCP","1395"
"2017-01-19 21:27:29,170096","80","49389","188.225.32.189","TCP","1514"
"2017-01-19 21:27:29,170110","80","49389","188.225.32.189","TCP","1276"
"2017-01-19 21:27:29,170236","49389","80","10.1.19.103","TCP","60"
"2017-01-19 21:27:29,251966","80","49390","188.225.32.189","TCP","1514"
"2017-01-19 21:27:29,251984","80","49390","188.225.32.189","TCP","1276"
"2017-01-19 21:27:29,252143","49390","80","10.1.19.103","TCP","60"
"2017-01-19 21:27:29,256780","80","49389","188.225.32.189","TCP","1514"
"2017-01-19 21:27:29,256798","80","49389","188.225.32.189","TCP","1276"
"2017-01-19 21:27:29,256800","80","49389","188.225.32.189","TCP","1514"
"2017-01-19 21:27:29,256802","80","49389","188.225.32.189","TCP","1276"
"2017-01-19 21:27:29,256931","49389","80","10.1.19.103","TCP","60"
"2017-01-19 21:27:29,257006","49389","80","10.1.19.103","TCP","60"
"2017-01-19 21:27:29,269401","80","49389","188.225.32.189","TCP","1514"
"2017-01-19 21:27:29,269417","80","49389","188.225.32.189","TCP","1276"
"2017-01-19 21:27:29,269460","80","49389","188.225.32.189","TCP","1395"
"2017-01-19 21:27:29,269601","49389","80","10.1.19.103","TCP","60"
"2017-01-19 21:27:29,269605","80","49389","188.225.32.189","TCP","1395"
"2017-01-19 21:27:29,269694","49389","80","10.1.19.103","TCP","60"
"2017-01-19 21:27:29,269729","80","49389","188.225.32.189","TCP","1395"
"2017-01-19 21:27:29,270456","80","49389","188.225.32.189","TCP","1395"
"2017-01-19 21:27:29,270610","49389","80","10.1.19.103","TCP","60"
"2017-01-19 21:27:29,270639","80","49389","188.225.32.189","TCP","1395"
"2017-01-19 21:27:29,270799","80","49389","188.225.32.189","TCP","1395"
"2017-01-19 21:27:29,270804","49389","80","10.1.19.103","TCP","60"
"2017-01-19 21:27:29,271394","80","49389","188.225.32.189","TCP","1395"
"2017-01-19 21:27:29,271517","80","49389","188.225.32.189","TCP","1395"
"2017-01-19 21:27:29,271582","49389","80","10.1.19.103","TCP","60"
"2017-01-19 21:27:29,271930","80","49389","188.225.32.189","TCP","1395"
"2017-01-19 21:27:29,272057","80","49389","188.225.32.189","TCP","1395"
"2017-01-19 21:27:29,272191","49389","80","10.1.19.103","TCP","60"
"2017-01-19 21:27:29,272196","80","49389","188.225.32.189","TCP","1395"
"2017-01-19 21:27:29,273150","80","49389","188.225.32.189","TCP","1395"
"2017-01-19 21:27:29,273207","80","49389","188.225.32.189","TCP","1395"
"2017-01-19 21:27:29,273277","49389","80","10.1.19.103","TCP","60"
"2017-01-19 21:27:29,277732","80","49389","188.225.32.189","TCP","1514"
"2017-01-19 21:27:29,277748","80","49389","188.225.32.189","TCP","1514"
"2017-01-19 21:27:29,277751","80","49389","188.225.32.189","TCP","1157"
"2017-01-19 21:27:29,277753","80","49389","188.225.32.189","TCP","1395"
"2017-01-19 21:27:29,277988","80","49389","188.225.32.189","TCP","1395"
"2017-01-19 21:27:29,277994","49389","80","10.1.19.103","TCP","60"
"2017-01-19 21:27:29,277998","80","49389","188.225.32.189","TCP","1395"
"2017-01-19 21:27:29,279447","80","49389","188.225.32.189","TCP","1395"
"2017-01-19 21:27:29,279452","80","49389","188.225.32.189","TCP","1395"
"2017-01-19 21:27:29,279552","49389","80","10.1.19.103","TCP","60"
"2017-01-19 21:27:29,279655","80","49389","188.225.32.189","TCP","1395"
"2017-01-19 21:27:29,279826","80","49389","188.225.32.189","TCP","1395"
"2017-01-19 21:27:29,279908","49389","80","10.1.19.103","TCP","60"
"2017-01-19 21:27:29,279981","80","49389","188.225.32.189","TCP","1395"
"2017-01-19 21:27:29,280126","80","49389","188.225.32.189","TCP","1395"
"2017-01-19 21:27:29,280257","49389","80","10.1.19.103","TCP","60"
"2017-01-19 21:27:29,280262","80","49389","188.225.32.189","TCP","1395"
"2017-01-19 21:27:29,280429","80","49389","188.225.32.189","TCP","1395"
"2017-01-19 21:27:29,280506","49389","80","10.1.19.103","TCP","60"
"2017-01-19 21:27:29,280605","80","49389","188.225.32.189","TCP","1395"
"2017-01-19 21:27:29,280704","80","49389","188.225.32.189","TCP","1395"
"2017-01-19 21:27:29,280836","49389","80","10.1.19.103","TCP","60"
"2017-01-19 21:27:29,280922","80","49389","188.225.32.189","TCP","1395"
"2017-01-19 21:27:29,281023","80","49389","188.225.32.189","TCP","1395"
"2017-01-19 21:27:29,281085","49389","80","10.1.19.103","TCP","60"
"2017-01-19 21:27:29,281233","80","49389","188.225.32.189","TCP","1395"
"2017-01-19 21:27:29,281329","80","49389","188.225.32.189","TCP","1395"
"2017-01-19 21:27:29,281421","49389","80","10.1.19.103","TCP","60"
"2017-01-19 21:27:29,281722","80","49389","188.225.32.189","TCP","1395"
"2017-01-19 21:27:29,281848","80","49389","188.225.32.189","TCP","1395"
"2017-01-19 21:27:29,281950","49389","80","10.1.19.103","TCP","60"
"2017-01-19 21:27:29,282033","80","49389","188.225.32.189","TCP","1395"
"2017-01-19 21:27:29,282165","80","49389","188.225.32.189","TCP","1395"
"2017-01-19 21:27:29,282258","49389","80","10.1.19.103","TCP","60"
"2017-01-19 21:27:29,282335","80","49389","188.225.32.189","TCP","1395"
"2017-01-19 21:27:29,282490","80","49389","188.225.32.189","TCP","1395"
"2017-01-19 21:27:29,282613","80","49389","188.225.32.189","TCP","1395"
"2017-01-19 21:27:29,282768","80","49389","188.225.32.189","TCP","1395"
"2017-01-19 21:27:29,282847","49389","80","10.1.19.103","TCP","60"
"2017-01-19 21:27:29,282959","80","49389","188.225.32.189","TCP","1395"
"2017-01-19 21:27:29,283090","80","49389","188.225.32.189","TCP","1395"
"2017-01-19 21:27:29,283244","80","49389","188.225.32.189","TCP","1395"
"2017-01-19 21:27:29,283308","49389","80","10.1.19.103","TCP","60"
"2017-01-19 21:27:29,283412","80","49389","188.225.32.189","TCP","1395"
"2017-01-19 21:27:29,360335","80","49389","188.225.32.189","TCP","1395"
"2017-01-19 21:27:29,360357","80","49389","188.225.32.189","TCP","1395"
"2017-01-19 21:27:29,360479","80","49389","188.225.32.189","TCP","1395"
"2017-01-19 21:27:29,360487","80","49389","188.225.32.189","TCP","1395"
"2017-01-19 21:27:29,360588","49389","80","10.1.19.103","TCP","60"
"2017-01-19 21:27:29,360661","49389","80","10.1.19.103","TCP","60"
"2017-01-19 21:27:29,360668","80","49390","188.225.32.189","TCP","1395"
"2017-01-19 21:27:29,360762","80","49390","188.225.32.189","TCP","1395"
"2017-01-19 21:27:29,360898","80","49390","188.225.32.189","TCP","1395"
"2017-01-19 21:27:29,360973","49390","80","10.1.19.103","TCP","60"
"2017-01-19 21:27:29,361056","80","49390","188.225.32.189","TCP","1395"
"2017-01-19 21:27:29,361177","49390","80","10.1.19.103","TCP","60"
"2017-01-19 21:27:29,361183","80","49390","188.225.32.189","TCP","1395"
"2017-01-19 21:27:29,361367","80","49390","188.225.32.189","TCP","1395"
"2017-01-19 21:27:29,361484","80","49390","188.225.32.189","TCP","1395"
"2017-01-19 21:27:29,361592","49390","80","10.1.19.103","TCP","60"
"2017-01-19 21:27:29,361665","80","49390","188.225.32.189","TCP","1395"
"2017-01-19 21:27:29,361741","49390","80","10.1.19.103","TCP","60"
"2017-01-19 21:27:29,361811","80","49390","188.225.32.189","TCP","1395"
"2017-01-19 21:27:29,361968","80","49390","188.225.32.189","TCP","1395"
"2017-01-19 21:27:29,362042","49390","80","10.1.19.103","TCP","60"
"2017-01-19 21:27:29,362120","80","49390","188.225.32.189","TCP","1395"
"2017-01-19 21:27:29,362293","80","49390","188.225.32.189","TCP","1395"
"2017-01-19 21:27:29,362449","49390","80","10.1.19.103","TCP","60"
"2017-01-19 21:27:29,362507","80","49390","188.225.32.189","TCP","1395"
"2017-01-19 21:27:29,362578","80","49390","188.225.32.189","TCP","1395"
"2017-01-19 21:27:29,362646","49390","80","10.1.19.103","TCP","60"
"2017-01-19 21:27:29,362790","80","49390","188.225.32.189","TCP","1395"
"2017-01-19 21:27:29,362900","80","49390","188.225.32.189","TCP","1395"
"2017-01-19 21:27:29,362983","49390","80","10.1.19.103","TCP","60"
"2017-01-19 21:27:29,363067","80","49390","188.225.32.189","TCP","1395"
"2017-01-19 21:27:29,363264","80","49390","188.225.32.189","TCP","1395"
"2017-01-19 21:27:29,363354","49390","80","10.1.19.103","TCP","60"
"2017-01-19 21:27:29,363427","80","49390","188.225.32.189","TCP","1395"
"2017-01-19 21:27:29,363507","80","49390","188.225.32.189","TCP","1395"
"2017-01-19 21:27:29,363583","49390","80","10.1.19.103","TCP","60"
"2017-01-19 21:27:29,363686","80","49390","188.225.32.189","TCP","1395"
"2017-01-19 21:27:29,366048","80","49390","188.225.32.189","TCP","1514"
"2017-01-19 21:27:29,366067","80","49390","188.225.32.189","TCP","1276"
"2017-01-19 21:27:29,366203","80","49390","188.225.32.189","TCP","1395"
"2017-01-19 21:27:29,366211","49390","80","10.1.19.103","TCP","60"
"2017-01-19 21:27:29,366214","80","49390","188.225.32.189","TCP","1395"
"2017-01-19 21:27:29,366330","49390","80","10.1.19.103","TCP","60"
"2017-01-19 21:27:29,366400","80","49390","188.225.32.189","TCP","1395"
"2017-01-19 21:27:29,366480","80","49390","188.225.32.189","TCP","1395"
"2017-01-19 21:27:29,366587","49390","80","10.1.19.103","TCP","60"
"2017-01-19 21:27:29,366652","80","49390","188.225.32.189","TCP","1395"
"2017-01-19 21:27:29,366810","80","49390","188.225.32.189","TCP","1395"
"2017-01-19 21:27:29,366939","80","49390","188.225.32.189","TCP","1395"
"2017-01-19 21:27:29,366945","49390","80","10.1.19.103","TCP","60"
"2017-01-19 21:27:29,367105","80","49390","188.225.32.189","TCP","1395"
"2017-01-19 21:27:29,367202","49390","80","10.1.19.103","TCP","60"
"2017-01-19 21:27:29,367296","80","49390","188.225.32.189","TCP","1395"
"2017-01-19 21:27:29,367410","80","49390","188.225.32.189","TCP","1395"
"2017-01-19 21:27:29,367492","49390","80","10.1.19.103","TCP","60"
"2017-01-19 21:27:29,367606","80","49390","188.225.32.189","TCP","1395"
"2017-01-19 21:27:29,367724","80","49390","188.225.32.189","TCP","1395"
"2017-01-19 21:27:29,367871","49390","80","10.1.19.103","TCP","60"
"2017-01-19 21:27:29,367875","80","49390","188.225.32.189","TCP","1395"
"2017-01-19 21:27:29,368093","80","49390","188.225.32.189","TCP","1395"
"2017-01-19 21:27:29,368150","49390","80","10.1.19.103","TCP","60"
"2017-01-19 21:27:29,368202","80","49390","188.225.32.189","TCP","1395"
"2017-01-19 21:27:29,368333","80","49390","188.225.32.189","TCP","1395"
"2017-01-19 21:27:29,368437","49390","80","10.1.19.103","TCP","60"
"2017-01-19 21:27:29,368515","80","49390","188.225.32.189","TCP","1395"
"2017-01-19 21:27:29,368675","80","49390","188.225.32.189","TCP","1395"
"2017-01-19 21:27:29,368766","49390","80","10.1.19.103","TCP","60"
"2017-01-19 21:27:29,368769","80","49390","188.225.32.189","TCP","1395"
"2017-01-19 21:27:29,368960","80","49390","188.225.32.189","TCP","1395"
"2017-01-19 21:27:29,369066","49390","80","10.1.19.103","TCP","60"
"2017-01-19 21:27:29,369148","80","49390","188.225.32.189","TCP","1395"
"2017-01-19 21:27:29,369273","80","49390","188.225.32.189","TCP","1395"
"2017-01-19 21:27:29,369346","49390","80","10.1.19.103","TCP","60"
"2017-01-19 21:27:29,369438","80","49390","188.225.32.189","TCP","1395"
"2017-01-19 21:27:29,369966","80","49390","188.225.32.189","TCP","1395"
"2017-01-19 21:27:29,370069","49390","80","10.1.19.103","TCP","60"
"2017-01-19 21:27:29,370133","80","49390","188.225.32.189","TCP","1395"
"2017-01-19 21:27:29,370263","80","49390","188.225.32.189","TCP","1395"
"2017-01-19 21:27:29,370356","49390","80","10.1.19.103","TCP","60"
"2017-01-19 21:27:29,370441","80","49390","188.225.32.189","TCP","1395"
"2017-01-19 21:27:29,370545","80","49390","188.225.32.189","TCP","1395"
"2017-01-19 21:27:29,370648","49390","80","10.1.19.103","TCP","60"
"2017-01-19 21:27:29,370809","80","49390","188.225.32.189","TCP","1395"
"2017-01-19 21:27:29,370924","80","49389","188.225.32.189","TCP","1395"
"2017-01-19 21:27:29,371003","80","49389","188.225.32.189","TCP","1118"
"2017-01-19 21:27:29,371129","49389","80","10.1.19.103","TCP","60"
"2017-01-19 21:27:29,449016","80","49390","188.225.32.189","TCP","1514"
"2017-01-19 21:27:29,449078","80","49390","188.225.32.189","TCP","1514"
"2017-01-19 21:27:29,449081","80","49390","188.225.32.189","TCP","1157"
"2017-01-19 21:27:29,449083","80","49390","188.225.32.189","TCP","1395"
"2017-01-19 21:27:29,449214","49390","80","10.1.19.103","TCP","60"
"2017-01-19 21:27:29,549458","80","49390","188.225.32.189","TCP","1395"
"2017-01-19 21:27:29,549570","49390","80","10.1.19.103","TCP","60"
"2017-01-19 21:27:29,568934","80","49390","188.225.32.189","TCP","1514"
"2017-01-19 21:27:29,568950","80","49390","188.225.32.189","TCP","1276"
"2017-01-19 21:27:29,569073","49390","80","10.1.19.103","TCP","60"
"2017-01-19 21:27:29,569298","80","49390","188.225.32.189","TCP","1395"
"2017-01-19 21:27:29,569407","80","49390","188.225.32.189","TCP","1395"
"2017-01-19 21:27:29,569463","49390","80","10.1.19.103","TCP","60"
"2017-01-19 21:27:29,570055","80","49390","188.225.32.189","TCP","1395"
"2017-01-19 21:27:29,570176","80","49390","188.225.32.189","TCP","1395"
"2017-01-19 21:27:29,570305","80","49390","188.225.32.189","TCP","1395"
"2017-01-19 21:27:29,570311","49390","80","10.1.19.103","TCP","60"
"2017-01-19 21:27:29,570823","80","49390","188.225.32.189","TCP","1395"
"2017-01-19 21:27:29,570952","49390","80","10.1.19.103","TCP","60"
"2017-01-19 21:27:29,570958","80","49390","188.225.32.189","TCP","1395"
"2017-01-19 21:27:29,576892","80","49390","188.225.32.189","TCP","1395"
"2017-01-19 21:27:29,576905","80","49390","188.225.32.189","TCP","1395"
"2017-01-19 21:27:29,577071","49390","80","10.1.19.103","TCP","60"
"2017-01-19 21:27:29,577075","80","49390","188.225.32.189","TCP","1395"
"2017-01-19 21:27:29,577896","80","49390","188.225.32.189","TCP","1395"
"2017-01-19 21:27:29,577904","80","49390","188.225.32.189","TCP","1395"
"2017-01-19 21:27:29,578045","80","49390","188.225.32.189","TCP","1395"
"2017-01-19 21:27:29,578149","80","49390","188.225.32.189","TCP","1395"
"2017-01-19 21:27:29,578156","49390","80","10.1.19.103","TCP","60"
"2017-01-19 21:27:29,578209","80","49390","188.225.32.189","TCP","1395"
"2017-01-19 21:27:29,578382","49390","80","10.1.19.103","TCP","60"
"2017-01-19 21:27:29,578387","80","49390","188.225.32.189","TCP","1395"
"2017-01-19 21:27:29,578433","80","49390","188.225.32.189","TCP","1395"
"2017-01-19 21:27:29,578508","49390","80","10.1.19.103","TCP","60"
"2017-01-19 21:27:29,578567","80","49390","188.225.32.189","TCP","1395"
"2017-01-19 21:27:29,578671","80","49390","188.225.32.189","TCP","1395"
"2017-01-19 21:27:29,578789","49390","80","10.1.19.103","TCP","60"
"2017-01-19 21:27:29,578795","80","49390","188.225.32.189","TCP","1514"
"2017-01-19 21:27:29,578798","80","49390","188.225.32.189","TCP","1276"
"2017-01-19 21:27:29,578895","49390","80","10.1.19.103","TCP","60"
"2017-01-19 21:27:29,578977","80","49390","188.225.32.189","TCP","1395"
"2017-01-19 21:27:29,579032","80","49390","188.225.32.189","TCP","1395"
"2017-01-19 21:27:29,579229","49390","80","10.1.19.103","TCP","60"
"2017-01-19 21:27:29,579235","80","49390","188.225.32.189","TCP","1395"
"2017-01-19 21:27:29,579237","80","49390","188.225.32.189","TCP","1395"
"2017-01-19 21:27:29,579342","80","49390","188.225.32.189","TCP","1395"
"2017-01-19 21:27:29,579347","49390","80","10.1.19.103","TCP","60"
"2017-01-19 21:27:29,579473","80","49390","188.225.32.189","TCP","1395"
"2017-01-19 21:27:29,579546","49390","80","10.1.19.103","TCP","60"
"2017-01-19 21:27:29,579613","80","49390","188.225.32.189","TCP","1395"
"2017-01-19 21:27:29,579705","80","49390","188.225.32.189","TCP","1395"
"2017-01-19 21:27:29,579812","49390","80","10.1.19.103","TCP","60"
"2017-01-19 21:27:29,579817","80","49390","188.225.32.189","TCP","1395"
"2017-01-19 21:27:29,579869","80","49390","188.225.32.189","TCP","1395"
"2017-01-19 21:27:29,579940","49390","80","10.1.19.103","TCP","60"
"2017-01-19 21:27:29,580393","80","49390","188.225.32.189","TCP","1395"
"2017-01-19 21:27:29,580490","80","49390","188.225.32.189","TCP","1395"
"2017-01-19 21:27:29,580588","49390","80","10.1.19.103","TCP","60"
"2017-01-19 21:27:29,580641","80","49390","188.225.32.189","TCP","1395"
"2017-01-19 21:27:29,580787","80","49390","188.225.32.189","TCP","1395"
"2017-01-19 21:27:29,580892","49390","80","10.1.19.103","TCP","60"
"2017-01-19 21:27:29,580898","80","49390","188.225.32.189","TCP","1395"
"2017-01-19 21:27:29,580958","80","49390","188.225.32.189","TCP","1395"
"2017-01-19 21:27:29,581094","49390","80","10.1.19.103","TCP","60"
"2017-01-19 21:27:29,581099","80","49390","188.225.32.189","TCP","1395"
"2017-01-19 21:27:29,581242","80","49390","188.225.32.189","TCP","1395"
"2017-01-19 21:27:29,581247","80","49390","188.225.32.189","TCP","1395"
"2017-01-19 21:27:29,581356","49390","80","10.1.19.103","TCP","60"
"2017-01-19 21:27:29,581361","80","49390","188.225.32.189","TCP","1395"
"2017-01-19 21:27:29,581465","80","49390","188.225.32.189","TCP","1395"
"2017-01-19 21:27:29,581541","49390","80","10.1.19.103","TCP","60"
"2017-01-19 21:27:29,582160","80","49390","188.225.32.189","TCP","1395"
"2017-01-19 21:27:29,582292","80","49390","188.225.32.189","TCP","1395"
"2017-01-19 21:27:29,582372","80","49390","188.225.32.189","TCP","1395"
"2017-01-19 21:27:29,582387","49390","80","10.1.19.103","TCP","60"
"2017-01-19 21:27:29,582458","80","49390","188.225.32.189","TCP","1395"
"2017-01-19 21:27:29,582585","80","49390","188.225.32.189","TCP","1395"
"2017-01-19 21:27:29,582659","80","49390","188.225.32.189","TCP","1395"
"2017-01-19 21:27:29,582664","49390","80","10.1.19.103","TCP","60"
"2017-01-19 21:27:29,583030","80","49390","188.225.32.189","TCP","1395"
"2017-01-19 21:27:29,583119","49390","80","10.1.19.103","TCP","60"
"2017-01-19 21:27:29,583233","80","49390","188.225.32.189","TCP","1395"
"2017-01-19 21:27:29,583240","80","49390","188.225.32.189","TCP","1395"
"2017-01-19 21:27:29,583392","49390","80","10.1.19.103","TCP","60"
"2017-01-19 21:27:29,583399","80","49390","188.225.32.189","TCP","1395"
"2017-01-19 21:27:29,653894","80","49390","188.225.32.189","TCP","1514"
"2017-01-19 21:27:29,653967","80","49390","188.225.32.189","TCP","1276"
"2017-01-19 21:27:29,653969","80","49390","188.225.32.189","TCP","1395"
"2017-01-19 21:27:29,653971","80","49390","188.225.32.189","HTTP","1118"
"2017-01-19 21:27:29,654109","49390","80","10.1.19.103","TCP","60"
"2017-01-19 21:27:29,654159","49390","80","10.1.19.103","TCP","60"
"2017-01-19 21:27:30,108033","49389","80","10.1.19.103","TCP","60"
"2017-01-19 21:27:30,461524","49390","80","10.1.19.103","TCP","60"
"2017-01-19 21:27:34,898079","63462","6892","10.1.19.103","UDP","67"
"2017-01-19 21:27:34,898569","63462","6892","10.1.19.103","UDP","67"
"2017-01-19 21:27:34,898579","63462","6892","10.1.19.103","UDP","67"
"2017-01-19 21:27:34,898660","63462","6892","10.1.19.103","UDP","67"
"2017-01-19 21:27:34,898773","63462","6892","10.1.19.103","UDP","67"
"2017-01-19 21:27:34,898859","63462","6892","10.1.19.103","UDP","67"
"2017-01-19 21:27:34,898946","63462","6892","10.1.19.103","UDP","67"
"2017-01-19 21:27:34,899062","63462","6892","10.1.19.103","UDP","67"
"2017-01-19 21:27:34,899188","63462","6892","10.1.19.103","UDP","67"
"2017-01-19 21:27:34,899312","63462","6892","10.1.19.103","UDP","67"
"2017-01-19 21:27:34,899401","63462","6892","10.1.19.103","UDP","67"
"2017-01-19 21:27:34,899533","63462","6892","10.1.19.103","UDP","67"
"2017-01-19 21:27:34,899631","63462","6892","10.1.19.103","UDP","67"
"2017-01-19 21:27:34,899716","63462","6892","10.1.19.103","UDP","67"
"2017-01-19 21:27:34,899809","63462","6892","10.1.19.103","UDP","67"
"2017-01-19 21:27:34,899948","63462","6892","10.1.19.103","UDP","67"
"2017-01-19 21:27:34,900001","63462","6892","10.1.19.103","UDP","67"
"2017-01-19 21:27:34,900101","63462","6892","10.1.19.103","UDP","67"
"2017-01-19 21:27:34,900171","63462","6892","10.1.19.103","UDP","67"
"2017-01-19 21:27:34,900291","63462","6892","10.1.19.103","UDP","67"
"2017-01-19 21:27:34,900394","63462","6892","10.1.19.103","UDP","67"
"2017-01-19 21:27:34,900497","63462","6892","10.1.19.103","UDP","67"
"2017-01-19 21:27:34,900618","63462","6892","10.1.19.103","UDP","67"
"2017-01-19 21:27:34,900723","63462","6892","10.1.19.103","UDP","67"
"2017-01-19 21:27:34,900810","63462","6892","10.1.19.103","UDP","67"
"2017-01-19 21:27:34,900967","63462","6892","10.1.19.103","UDP","67"
"2017-01-19 21:27:34,901100","63462","6892","10.1.19.103","UDP","67"
"2017-01-19 21:27:34,901194","63462","6892","10.1.19.103","UDP","67"
"2017-01-19 21:27:34,901293","63462","6892","10.1.19.103","UDP","67"
"2017-01-19 21:27:34,901374","63462","6892","10.1.19.103","UDP","67"
"2017-01-19 21:27:34,901473","63462","6892","10.1.19.103","UDP","67"
"2017-01-19 21:27:34,901582","63462","6892","10.1.19.103","UDP","67"
"2017-01-19 21:27:34,901678","63462","6892","10.1.19.103","UDP","67"
"2017-01-19 21:27:34,901822","63462","6892","10.1.19.103","UDP","67"
"2017-01-19 21:27:34,901921","63462","6892","10.1.19.103","UDP","67"
"2017-01-19 21:27:34,902019","63462","6892","10.1.19.103","UDP","67"
"2017-01-19 21:27:34,902073","63462","6892","10.1.19.103","UDP","67"
"2017-01-19 21:27:34,902155","63462","6892","10.1.19.103","UDP","67"
"2017-01-19 21:27:34,902228","63462","6892","10.1.19.103","UDP","67"
"2017-01-19 21:27:34,902330","63462","6892","10.1.19.103","UDP","67"
"2017-01-19 21:27:34,902435","63462","6892","10.1.19.103","UDP","67"
"2017-01-19 21:27:34,902537","63462","6892","10.1.19.103","UDP","67"
"2017-01-19 21:27:34,902638","63462","6892","10.1.19.103","UDP","67"
"2017-01-19 21:27:34,902710","63462","6892","10.1.19.103","UDP","67"
"2017-01-19 21:27:34,902817","63462","6892","10.1.19.103","UDP","67"
"2017-01-19 21:27:34,902938","63462","6892","10.1.19.103","UDP","67"
"2017-01-19 21:27:34,903042","63462","6892","10.1.19.103","UDP","67"
"2017-01-19 21:27:34,903139","63462","6892","10.1.19.103","UDP","67"
"2017-01-19 21:27:34,903248","63462","6892","10.1.19.103","UDP","67"
"2017-01-19 21:27:34,903441","63462","6892","10.1.19.103","UDP","67"
"2017-01-19 21:27:34,903447","63462","6892","10.1.19.103","UDP","67"
"2017-01-19 21:27:34,903612","63462","6892","10.1.19.103","UDP","67"
"2017-01-19 21:27:34,903618","63462","6892","10.1.19.103","UDP","67"
"2017-01-19 21:27:34,903722","63462","6892","10.1.19.103","UDP","67"
"2017-01-19 21:27:34,903816","63462","6892","10.1.19.103","UDP","67"
"2017-01-19 21:27:34,903938","63462","6892","10.1.19.103","UDP","67"
"2017-01-19 21:27:34,904016","63462","6892","10.1.19.103","UDP","67"
"2017-01-19 21:27:34,904136","63462","6892","10.1.19.103","UDP","67"
"2017-01-19 21:27:34,904246","63462","6892","10.1.19.103","UDP","67"
"2017-01-19 21:27:34,904324","63462","6892","10.1.19.103","UDP","67"
"2017-01-19 21:27:34,904415","63462","6892","10.1.19.103","UDP","67"
"2017-01-19 21:27:34,904526","63462","6892","10.1.19.103","UDP","67"
"2017-01-19 21:27:34,904597","63462","6892","10.1.19.103","UDP","67"
"2017-01-19 21:27:34,904711","63462","6892","10.1.19.103","UDP","67"
"2017-01-19 21:27:34,904810","63462","6892","10.1.19.103","UDP","67"
"2017-01-19 21:27:34,904948","63462","6892","10.1.19.103","UDP","67"
"2017-01-19 21:27:34,905026","63462","6892","10.1.19.103","UDP","67"
"2017-01-19 21:27:34,905180","63462","6892","10.1.19.103","UDP","67"
"2017-01-19 21:27:34,905289","63462","6892","10.1.19.103","UDP","67"
"2017-01-19 21:27:34,905429","63462","6892","10.1.19.103","UDP","67"
"2017-01-19 21:27:34,905500","63462","6892","10.1.19.103","UDP","67"
"2017-01-19 21:27:34,905605","63462","6892","10.1.19.103","UDP","67"
"2017-01-19 21:27:34,905757","63462","6892","10.1.19.103","UDP","67"
"2017-01-19 21:27:34,905865","63462","6892","10.1.19.103","UDP","67"
"2017-01-19 21:27:34,905936","63462","6892","10.1.19.103","UDP","67"
"2017-01-19 21:27:34,906050","63462","6892","10.1.19.103","UDP","67"
"2017-01-19 21:27:34,906138","63462","6892","10.1.19.103","UDP","67"
"2017-01-19 21:27:34,906220","63462","6892","10.1.19.103","UDP","67"
"2017-01-19 21:27:34,906290","63462","6892","10.1.19.103","UDP","67"
"2017-01-19 21:27:34,906385","63462","6892","10.1.19.103","UDP","67"
"2017-01-19 21:27:34,906492","63462","6892","10.1.19.103","UDP","67"
"2017-01-19 21:27:34,906614","63462","6892","10.1.19.103","UDP","67"
"2017-01-19 21:27:34,906712","63462","6892","10.1.19.103","UDP","67"
"2017-01-19 21:27:34,906812","63462","6892","10.1.19.103","UDP","67"
"2017-01-19 21:27:34,906907","63462","6892","10.1.19.103","UDP","67"
"2017-01-19 21:27:34,907002","63462","6892","10.1.19.103","UDP","67"
"2017-01-19 21:27:34,907097","63462","6892","10.1.19.103","UDP","67"
"2017-01-19 21:27:34,907208","63462","6892","10.1.19.103","UDP","67"
"2017-01-19 21:27:34,907263","63462","6892","10.1.19.103","UDP","67"
"2017-01-19 21:27:34,907356","63462","6892","10.1.19.103","UDP","67"
"2017-01-19 21:27:34,907448","63462","6892","10.1.19.103","UDP","67"
"2017-01-19 21:27:34,907544","63462","6892","10.1.19.103","UDP","67"
"2017-01-19 21:27:34,907659","63462","6892","10.1.19.103","UDP","67"
"2017-01-19 21:27:34,907758","63462","6892","10.1.19.103","UDP","67"
"2017-01-19 21:27:34,907851","63462","6892","10.1.19.103","UDP","67"
"2017-01-19 21:27:34,907999","63462","6892","10.1.19.103","UDP","67"
"2017-01-19 21:27:34,908134","63462","6892","10.1.19.103","UDP","67"
"2017-01-19 21:27:34,908372","63462","6892","10.1.19.103","UDP","67"
"2017-01-19 21:27:34,908448","63462","6892","10.1.19.103","UDP","67"
"2017-01-19 21:27:34,908582","63462","6892","10.1.19.103","UDP","67"
"2017-01-19 21:27:34,908664","63462","6892","10.1.19.103","UDP","67"
"2017-01-19 21:27:34,908819","63462","6892","10.1.19.103","UDP","67"
"2017-01-19 21:27:34,908919","63462","6892","10.1.19.103","UDP","67"
"2017-01-19 21:27:34,909023","63462","6892","10.1.19.103","UDP","67"
"2017-01-19 21:27:34,909126","63462","6892","10.1.19.103","UDP","67"
"2017-01-19 21:27:34,909228","63462","6892","10.1.19.103","UDP","67"
"2017-01-19 21:27:34,909327","63462","6892","10.1.19.103","UDP","67"
"2017-01-19 21:27:34,909443","63462","6892","10.1.19.103","UDP","67"
"2017-01-19 21:27:34,909520","63462","6892","10.1.19.103","UDP","67"
"2017-01-19 21:27:34,909615","63462","6892","10.1.19.103","UDP","67"
"2017-01-19 21:27:34,909785","63462","6892","10.1.19.103","UDP","67"
"2017-01-19 21:27:34,909874","63462","6892","10.1.19.103","UDP","67"
"2017-01-19 21:27:34,909946","63462","6892","10.1.19.103","UDP","67"
"2017-01-19 21:27:34,910064","63462","6892","10.1.19.103","UDP","67"
"2017-01-19 21:27:34,910160","63462","6892","10.1.19.103","UDP","67"
"2017-01-19 21:27:34,910253","63462","6892","10.1.19.103","UDP","67"
"2017-01-19 21:27:34,910340","63462","6892","10.1.19.103","UDP","67"
"2017-01-19 21:27:34,910442","63462","6892","10.1.19.103","UDP","67"
"2017-01-19 21:27:34,910530","63462","6892","10.1.19.103","UDP","67"
"2017-01-19 21:27:34,910662","63462","6892","10.1.19.103","UDP","67"
"2017-01-19 21:27:34,910762","63462","6892","10.1.19.103","UDP","67"
"2017-01-19 21:27:34,910859","63462","6892","10.1.19.103","UDP","67"
"2017-01-19 21:27:34,910939","63462","6892","10.1.19.103","UDP","67"
"2017-01-19 21:27:34,911047","63462","6892","10.1.19.103","UDP","67"
"2017-01-19 21:27:34,911119","63462","6892","10.1.19.103","UDP","67"
"2017-01-19 21:27:34,911230","63462","6892","10.1.19.103","UDP","67"
"2017-01-19 21:27:34,911305","63462","6892","10.1.19.103","UDP","67"
"2017-01-19 21:27:34,911410","63462","6892","10.1.19.103","UDP","67"
"2017-01-19 21:27:34,911490","63462","6892","10.1.19.103","UDP","67"
"2017-01-19 21:27:34,911614","63462","6892","10.1.19.103","UDP","67"
"2017-01-19 21:27:34,911683","63462","6892","10.1.19.103","UDP","67"
"2017-01-19 21:27:34,911803","63462","6892","10.1.19.103","UDP","67"
"2017-01-19 21:27:34,911922","63462","6892","10.1.19.103","UDP","67"
"2017-01-19 21:27:34,912055","63462","6892","10.1.19.103","UDP","67"
"2017-01-19 21:27:34,912150","63462","6892","10.1.19.103","UDP","67"
"2017-01-19 21:27:34,912251","63462","6892","10.1.19.103","UDP","67"
"2017-01-19 21:27:34,912346","63462","6892","10.1.19.103","UDP","67"
"2017-01-19 21:27:34,912501","63462","6892","10.1.19.103","UDP","67"
"2017-01-19 21:27:34,912599","63462","6892","10.1.19.103","UDP","67"
"2017-01-19 21:27:34,912694","63462","6892","10.1.19.103","UDP","67"
"2017-01-19 21:27:34,912809","63462","6892","10.1.19.103","UDP","67"
"2017-01-19 21:27:34,912907","63462","6892","10.1.19.103","UDP","67"
"2017-01-19 21:27:34,913026","63462","6892","10.1.19.103","UDP","67"
"2017-01-19 21:27:34,913108","63462","6892","10.1.19.103","UDP","67"
"2017-01-19 21:27:34,913192","63462","6892","10.1.19.103","UDP","67"
"2017-01-19 21:27:34,913310","63462","6892","10.1.19.103","UDP","67"
"2017-01-19 21:27:34,913421","63462","6892","10.1.19.103","UDP","67"
"2017-01-19 21:27:34,913533","63462","6892","10.1.19.103","UDP","67"
"2017-01-19 21:27:34,913620","63462","6892","10.1.19.103","UDP","67"
"2017-01-19 21:27:34,913751","63462","6892","10.1.19.103","UDP","67"
"2017-01-19 21:27:34,913853","63462","6892","10.1.19.103","UDP","67"
"2017-01-19 21:27:34,914030","63462","6892","10.1.19.103","UDP","67"
"2017-01-19 21:27:34,914116","63462","6892","10.1.19.103","UDP","67"
"2017-01-19 21:27:34,914245","63462","6892","10.1.19.103","UDP","67"
"2017-01-19 21:27:34,914342","63462","6892","10.1.19.103","UDP","67"
"2017-01-19 21:27:34,914453","63462","6892","10.1.19.103","UDP","67"
"2017-01-19 21:27:34,914528","63462","6892","10.1.19.103","UDP","67"
"2017-01-19 21:27:34,914607","63462","6892","10.1.19.103","UDP","67"
"2017-01-19 21:27:34,914717","63462","6892","10.1.19.103","UDP","67"
"2017-01-19 21:27:34,914809","63462","6892","10.1.19.103","UDP","67"
"2017-01-19 21:27:34,914905","63462","6892","10.1.19.103","UDP","67"
"2017-01-19 21:27:34,915025","63462","6892","10.1.19.103","UDP","67"
"2017-01-19 21:27:34,915145","63462","6892","10.1.19.103","UDP","67"
"2017-01-19 21:27:34,915245","63462","6892","10.1.19.103","UDP","67"
"2017-01-19 21:27:34,915322","63462","6892","10.1.19.103","UDP","67"
"2017-01-19 21:27:34,915431","63462","6892","10.1.19.103","UDP","67"
"2017-01-19 21:27:34,915526","63462","6892","10.1.19.103","UDP","67"
"2017-01-19 21:27:34,915626","63462","6892","10.1.19.103","UDP","67"
"2017-01-19 21:27:34,915721","63462","6892","10.1.19.103","UDP","67"
"2017-01-19 21:27:34,915803","63462","6892","10.1.19.103","UDP","67"
"2017-01-19 21:27:34,915901","63462","6892","10.1.19.103","UDP","67"
"2017-01-19 21:27:34,916008","63462","6892","10.1.19.103","UDP","67"
"2017-01-19 21:27:34,916117","63462","6892","10.1.19.103","UDP","67"
"2017-01-19 21:27:34,916217","63462","6892","10.1.19.103","UDP","67"
"2017-01-19 21:27:34,916324","63462","6892","10.1.19.103","UDP","67"
"2017-01-19 21:27:34,916444","63462","6892","10.1.19.103","UDP","67"
"2017-01-19 21:27:34,916526","63462","6892","10.1.19.103","UDP","67"
"2017-01-19 21:27:34,916627","63462","6892","10.1.19.103","UDP","67"
"2017-01-19 21:27:34,916702","63462","6892","10.1.19.103","UDP","67"
"2017-01-19 21:27:34,916805","63462","6892","10.1.19.103","UDP","67"
"2017-01-19 21:27:34,916872","63462","6892","10.1.19.103","UDP","67"
"2017-01-19 21:27:34,916989","63462","6892","10.1.19.103","UDP","67"
"2017-01-19 21:27:34,917098","63462","6892","10.1.19.103","UDP","67"
"2017-01-19 21:27:34,917214","63462","6892","10.1.19.103","UDP","67"
"2017-01-19 21:27:34,917289","63462","6892","10.1.19.103","UDP","67"
"2017-01-19 21:27:34,917382","63462","6892","10.1.19.103","UDP","67"
"2017-01-19 21:27:34,917454","63462","6892","10.1.19.103","UDP","67"
"2017-01-19 21:27:34,917559","63462","6892","10.1.19.103","UDP","67"
"2017-01-19 21:27:34,917655","63462","6892","10.1.19.103","UDP","67"
"2017-01-19 21:27:34,917742","63462","6892","10.1.19.103","UDP","67"
"2017-01-19 21:27:34,917837","63462","6892","10.1.19.103","UDP","67"
"2017-01-19 21:27:34,917941","63462","6892","10.1.19.103","UDP","67"
"2017-01-19 21:27:34,918015","63462","6892","10.1.19.103","UDP","67"
"2017-01-19 21:27:34,918126","63462","6892","10.1.19.103","UDP","67"
"2017-01-19 21:27:34,918132","63462","6892","10.1.19.103","UDP","67"
"2017-01-19 21:27:34,918236","63462","6892","10.1.19.103","UDP","67"
"2017-01-19 21:27:34,918242","63462","6892","10.1.19.103","UDP","67"
"2017-01-19 21:27:34,918395","63462","6892","10.1.19.103","UDP","67"
"2017-01-19 21:27:34,918402","63462","6892","10.1.19.103","UDP","67"
"2017-01-19 21:27:34,918569","63462","6892","10.1.19.103","UDP","67"
"2017-01-19 21:27:34,918576","63462","6892","10.1.19.103","UDP","67"
"2017-01-19 21:27:34,918729","63462","6892","10.1.19.103","UDP","67"
"2017-01-19 21:27:34,918734","63462","6892","10.1.19.103","UDP","67"
"2017-01-19 21:27:34,918854","63462","6892","10.1.19.103","UDP","67"
"2017-01-19 21:27:34,918861","63462","6892","10.1.19.103","UDP","67"
"2017-01-19 21:27:34,918995","63462","6892","10.1.19.103","UDP","67"
"2017-01-19 21:27:34,919001","63462","6892","10.1.19.103","UDP","67"
"2017-01-19 21:27:34,919166","63462","6892","10.1.19.103","UDP","67"
"2017-01-19 21:27:34,919172","63462","6892","10.1.19.103","UDP","67"
"2017-01-19 21:27:34,919273","63462","6892","10.1.19.103","UDP","67"
"2017-01-19 21:27:34,919280","63462","6892","10.1.19.103","UDP","67"
"2017-01-19 21:27:34,919402","63462","6892","10.1.19.103","UDP","67"
"2017-01-19 21:27:34,919407","63462","6892","10.1.19.103","UDP","67"
"2017-01-19 21:27:34,919553","63462","6892","10.1.19.103","UDP","67"
"2017-01-19 21:27:34,919561","63462","6892","10.1.19.103","UDP","67"
"2017-01-19 21:27:34,919691","63462","6892","10.1.19.103","UDP","67"
"2017-01-19 21:27:34,919698","63462","6892","10.1.19.103","UDP","67"
"2017-01-19 21:27:34,919859","63462","6892","10.1.19.103","UDP","67"
"2017-01-19 21:27:34,919866","63462","6892","10.1.19.103","UDP","67"
"2017-01-19 21:27:34,919991","63462","6892","10.1.19.103","UDP","67"
"2017-01-19 21:27:34,919998","63462","6892","10.1.19.103","UDP","67"
"2017-01-19 21:27:34,920190","63462","6892","10.1.19.103","UDP","67"
"2017-01-19 21:27:34,920198","63462","6892","10.1.19.103","UDP","67"
"2017-01-19 21:27:34,920386","63462","6892","10.1.19.103","UDP","67"
"2017-01-19 21:27:34,920392","63462","6892","10.1.19.103","UDP","67"
"2017-01-19 21:27:34,920506","63462","6892","10.1.19.103","UDP","67"
"2017-01-19 21:27:34,920512","63462","6892","10.1.19.103","UDP","67"
"2017-01-19 21:27:34,920659","63462","6892","10.1.19.103","UDP","67"
"2017-01-19 21:27:34,920665","63462","6892","10.1.19.103","UDP","67"
"2017-01-19 21:27:34,920831","63462","6892","10.1.19.103","UDP","67"
"2017-01-19 21:27:34,920838","63462","6892","10.1.19.103","UDP","67"
"2017-01-19 21:27:34,920972","63462","6892","10.1.19.103","UDP","67"
"2017-01-19 21:27:34,920979","63462","6892","10.1.19.103","UDP","67"
"2017-01-19 21:27:34,921120","63462","6892","10.1.19.103","UDP","67"
"2017-01-19 21:27:34,921127","63462","6892","10.1.19.103","UDP","67"
"2017-01-19 21:27:34,921268","63462","6892","10.1.19.103","UDP","67"
"2017-01-19 21:27:34,921274","63462","6892","10.1.19.103","UDP","67"
"2017-01-19 21:27:34,921422","63462","6892","10.1.19.103","UDP","67"
"2017-01-19 21:27:34,921429","63462","6892","10.1.19.103","UDP","67"
"2017-01-19 21:27:34,921546","63462","6892","10.1.19.103","UDP","67"
"2017-01-19 21:27:34,921552","63462","6892","10.1.19.103","UDP","67"
"2017-01-19 21:27:34,921683","63462","6892","10.1.19.103","UDP","67"
"2017-01-19 21:27:34,921690","63462","6892","10.1.19.103","UDP","67"
"2017-01-19 21:27:34,921810","63462","6892","10.1.19.103","UDP","67"
"2017-01-19 21:27:34,921818","63462","6892","10.1.19.103","UDP","67"
"2017-01-19 21:27:34,921949","63462","6892","10.1.19.103","UDP","67"
"2017-01-19 21:27:34,921956","63462","6892","10.1.19.103","UDP","67"
"2017-01-19 21:27:34,922093","63462","6892","10.1.19.103","UDP","67"
"2017-01-19 21:27:34,922100","63462","6892","10.1.19.103","UDP","67"
"2017-01-19 21:27:34,922230","63462","6892","10.1.19.103","UDP","67"
"2017-01-19 21:27:34,922237","63462","6892","10.1.19.103","UDP","67"
"2017-01-19 21:27:34,922346","63462","6892","10.1.19.103","UDP","67"
"2017-01-19 21:27:34,922422","63462","6892","10.1.19.103","UDP","67"
"2017-01-19 21:27:34,922545","63462","6892","10.1.19.103","UDP","67"
"2017-01-19 21:27:34,922551","63462","6892","10.1.19.103","UDP","67"
"2017-01-19 21:27:34,922723","63462","6892","10.1.19.103","UDP","67"
"2017-01-19 21:27:34,922731","63462","6892","10.1.19.103","UDP","67"
"2017-01-19 21:27:34,922858","63462","6892","10.1.19.103","UDP","67"
"2017-01-19 21:27:34,922864","63462","6892","10.1.19.103","UDP","67"
"2017-01-19 21:27:34,922971","63462","6892","10.1.19.103","UDP","67"
"2017-01-19 21:27:34,922977","63462","6892","10.1.19.103","UDP","67"
"2017-01-19 21:27:34,923125","63462","6892","10.1.19.103","UDP","67"
"2017-01-19 21:27:34,923132","63462","6892","10.1.19.103","UDP","67"
"2017-01-19 21:27:34,923322","63462","6892","10.1.19.103","UDP","67"
"2017-01-19 21:27:34,923329","63462","6892","10.1.19.103","UDP","67"
"2017-01-19 21:27:34,923568","63462","6892","10.1.19.103","UDP","67"
"2017-01-19 21:27:34,923574","63462","6892","10.1.19.103","UDP","67"
"2017-01-19 21:27:34,923719","63462","6892","10.1.19.103","UDP","67"
"2017-01-19 21:27:34,923727","63462","6892","10.1.19.103","UDP","67"
"2017-01-19 21:27:34,923854","63462","6892","10.1.19.103","UDP","67"
"2017-01-19 21:27:34,923860","63462","6892","10.1.19.103","UDP","67"
"2017-01-19 21:27:34,923998","63462","6892","10.1.19.103","UDP","67"
"2017-01-19 21:27:34,924003","63462","6892","10.1.19.103","UDP","67"
"2017-01-19 21:27:34,924109","63462","6892","10.1.19.103","UDP","67"
"2017-01-19 21:27:34,924114","63462","6892","10.1.19.103","UDP","67"
"2017-01-19 21:27:34,924249","63462","6892","10.1.19.103","UDP","67"
"2017-01-19 21:27:34,924254","63462","6892","10.1.19.103","UDP","67"
"2017-01-19 21:27:34,924402","63462","6892","10.1.19.103","UDP","67"
"2017-01-19 21:27:34,924478","63462","6892","10.1.19.103","UDP","67"
"2017-01-19 21:27:34,924557","63462","6892","10.1.19.103","UDP","67"
"2017-01-19 21:27:34,924572","63462","6892","10.1.19.103","UDP","67"
"2017-01-19 21:27:34,924700","63462","6892","10.1.19.103","UDP","67"
"2017-01-19 21:27:34,924705","63462","6892","10.1.19.103","UDP","67"
"2017-01-19 21:27:34,924849","63462","6892","10.1.19.103","UDP","67"
"2017-01-19 21:27:34,924855","63462","6892","10.1.19.103","UDP","67"
"2017-01-19 21:27:34,924992","63462","6892","10.1.19.103","UDP","67"
"2017-01-19 21:27:34,924998","63462","6892","10.1.19.103","UDP","67"
"2017-01-19 21:27:34,925115","63462","6892","10.1.19.103","UDP","67"
"2017-01-19 21:27:34,925120","63462","6892","10.1.19.103","UDP","67"
"2017-01-19 21:27:34,925251","63462","6892","10.1.19.103","UDP","67"
"2017-01-19 21:27:34,925258","63462","6892","10.1.19.103","UDP","67"
"2017-01-19 21:27:34,925343","63462","6892","10.1.19.103","UDP","67"
"2017-01-19 21:27:34,925349","63462","6892","10.1.19.103","UDP","67"
"2017-01-19 21:27:34,925483","63462","6892","10.1.19.103","UDP","67"
"2017-01-19 21:27:34,925491","63462","6892","10.1.19.103","UDP","67"
"2017-01-19 21:27:34,925629","63462","6892","10.1.19.103","UDP","67"
"2017-01-19 21:27:34,925635","63462","6892","10.1.19.103","UDP","67"
"2017-01-19 21:27:34,925737","63462","6892","10.1.19.103","UDP","67"
"2017-01-19 21:27:34,925743","63462","6892","10.1.19.103","UDP","67"
"2017-01-19 21:27:34,925880","63462","6892","10.1.19.103","UDP","67"
"2017-01-19 21:27:34,925887","63462","6892","10.1.19.103","UDP","67"
"2017-01-19 21:27:34,925970","63462","6892","10.1.19.103","UDP","67"
"2017-01-19 21:27:34,925976","63462","6892","10.1.19.103","UDP","67"
"2017-01-19 21:27:34,926121","63462","6892","10.1.19.103","UDP","67"
"2017-01-19 21:27:34,926128","63462","6892","10.1.19.103","UDP","67"
"2017-01-19 21:27:34,926239","63462","6892","10.1.19.103","UDP","67"
"2017-01-19 21:27:34,926246","63462","6892","10.1.19.103","UDP","67"
"2017-01-19 21:27:34,926371","63462","6892","10.1.19.103","UDP","67"
"2017-01-19 21:27:34,926386","63462","6892","10.1.19.103","UDP","67"
"2017-01-19 21:27:34,926483","63462","6892","10.1.19.103","UDP","67"
"2017-01-19 21:27:34,926490","63462","6892","10.1.19.103","UDP","67"
"2017-01-19 21:27:34,926670","63462","6892","10.1.19.103","UDP","67"
"2017-01-19 21:27:34,926676","63462","6892","10.1.19.103","UDP","67"
"2017-01-19 21:27:34,926767","63462","6892","10.1.19.103","UDP","67"
"2017-01-19 21:27:34,926773","63462","6892","10.1.19.103","UDP","67"
"2017-01-19 21:27:34,926856","63462","6892","10.1.19.103","UDP","67"
"2017-01-19 21:27:34,926862","63462","6892","10.1.19.103","UDP","67"
"2017-01-19 21:27:34,926966","63462","6892","10.1.19.103","UDP","67"
"2017-01-19 21:27:34,926972","63462","6892","10.1.19.103","UDP","67"
"2017-01-19 21:27:35,938461","63462","6892","10.1.19.103","UDP","67"
"2017-01-19 21:27:46,596190","49392","80","10.1.19.103","TCP","66"
"2017-01-19 21:27:46,717122","80","49392","162.220.244.29","TCP","60"
"2017-01-19 21:27:46,717352","49392","80","10.1.19.103","TCP","60"
"2017-01-19 21:27:46,717539","49392","80","10.1.19.103","HTTP","388"
"2017-01-19 21:27:46,717607","80","49392","162.220.244.29","TCP","60"
"2017-01-19 21:27:47,174783","80","49392","162.220.244.29","HTTP","292"
"2017-01-19 21:27:47,175032","49392","80","10.1.19.103","TCP","60"
"2017-01-19 21:28:28,974742","80","49378","188.225.32.189","TCP","60"
"2017-01-19 21:28:28,974859","49378","80","10.1.19.103","TCP","60"
"2017-01-19 21:28:46,143786","49378","80","10.1.19.103","TCP","60"
"2017-01-19 21:28:46,143787","80","49378","188.225.32.189","TCP","60"
"2017-01-19 21:28:52,138527","80","49392","162.220.244.29","TCP","60"
"2017-01-19 21:28:52,138709","49392","80","10.1.19.103","TCP","60"
"2017-01-19 21:29:24,015971","80","49392","162.220.244.29","TCP","60"
