Time,SrcPort,DstPort,Source,Protocol,Length
2017-01-19 18:09:46,49287,80,10.1.19.102,TCP,66
2017-01-19 18:09:46,80,49287,92.53.119.137,TCP,60
2017-01-19 18:09:46,49287,80,10.1.19.102,TCP,60
2017-01-19 18:09:46,49287,80,10.1.19.102,HTTP,801
2017-01-19 18:09:46,80,49287,92.53.119.137,TCP,60
2017-01-19 18:09:47,80,49287,92.53.119.137,TCP,1514
2017-01-19 18:09:47,80,49287,92.53.119.137,HTTP,629
2017-01-19 18:09:47,49287,80,10.1.19.102,TCP,60
2017-01-19 18:09:47,49287,80,10.1.19.102,HTTP,854
2017-01-19 18:09:47,80,49287,92.53.119.137,TCP,60
2017-01-19 18:09:47,80,49287,92.53.119.137,TCP,1514
2017-01-19 18:09:47,80,49287,92.53.119.137,TCP,1514
2017-01-19 18:09:47,80,49287,92.53.119.137,TCP,1157
2017-01-19 18:09:47,80,49287,92.53.119.137,TCP,1395
2017-01-19 18:09:47,80,49287,92.53.119.137,TCP,1395
2017-01-19 18:09:47,80,49287,92.53.119.137,TCP,1395
2017-01-19 18:09:47,80,49287,92.53.119.137,TCP,1514
2017-01-19 18:09:47,49287,80,10.1.19.102,TCP,60
2017-01-19 18:09:48,80,49287,92.53.119.137,TCP,1395
2017-01-19 18:09:48,80,49287,92.53.119.137,TCP,1514
2017-01-19 18:09:48,80,49287,92.53.119.137,TCP,1276
2017-01-19 18:09:48,49287,80,10.1.19.102,TCP,60
2017-01-19 18:09:48,80,49287,92.53.119.137,TCP,1395
2017-01-19 18:09:48,80,49287,92.53.119.137,TCP,1514
2017-01-19 18:09:48,80,49287,92.53.119.137,TCP,252
2017-01-19 18:09:48,49287,80,10.1.19.102,TCP,60
2017-01-19 18:09:49,49288,80,10.1.19.102,TCP,66
2017-01-19 18:09:49,49287,80,10.1.19.102,HTTP,764
2017-01-19 18:09:49,80,49287,92.53.119.137,TCP,60
2017-01-19 18:09:49,49297,80,10.1.19.102,TCP,66
2017-01-19 18:09:49,80,49288,92.53.119.137,TCP,60
2017-01-19 18:09:49,49288,80,10.1.19.102,TCP,60
2017-01-19 18:09:49,49288,80,10.1.19.102,HTTP,529
2017-01-19 18:09:49,80,49288,92.53.119.137,TCP,60
2017-01-19 18:09:49,80,49297,92.53.119.137,TCP,60
2017-01-19 18:09:49,49297,80,10.1.19.102,TCP,60
2017-01-19 18:09:49,49297,80,10.1.19.102,HTTP,801
2017-01-19 18:09:49,80,49297,92.53.119.137,TCP,60
2017-01-19 18:09:49,80,49297,92.53.119.137,TCP,1514
2017-01-19 18:09:49,80,49297,92.53.119.137,HTTP,624
2017-01-19 18:09:49,49297,80,10.1.19.102,TCP,60
2017-01-19 18:09:49,49297,80,10.1.19.102,HTTP,849
2017-01-19 18:09:49,80,49297,92.53.119.137,TCP,60
2017-01-19 18:09:49,80,49287,92.53.119.137,TCP,1514
2017-01-19 18:09:49,80,49287,92.53.119.137,TCP,1276
2017-01-19 18:09:49,80,49287,92.53.119.137,TCP,1395
2017-01-19 18:09:49,80,49287,92.53.119.137,TCP,1395
2017-01-19 18:09:49,80,49287,92.53.119.137,TCP,1395
2017-01-19 18:09:49,80,49287,92.53.119.137,TCP,1395
2017-01-19 18:09:49,80,49287,92.53.119.137,TCP,1514
2017-01-19 18:09:49,80,49287,92.53.119.137,TCP,1276
2017-01-19 18:09:49,80,49287,92.53.119.137,TCP,1395
2017-01-19 18:09:49,80,49287,92.53.119.137,TCP,284
2017-01-19 18:09:49,49287,80,10.1.19.102,TCP,60
2017-01-19 18:09:50,80,49287,92.53.119.137,TCP,1395
2017-01-19 18:09:50,80,49287,92.53.119.137,TCP,1514
2017-01-19 18:09:50,80,49287,92.53.119.137,TCP,1276
2017-01-19 18:09:50,49287,80,10.1.19.102,TCP,60
2017-01-19 18:09:50,80,49287,92.53.119.137,TCP,1395
2017-01-19 18:09:50,80,49287,92.53.119.137,TCP,1395
2017-01-19 18:09:50,80,49287,92.53.119.137,TCP,1395
2017-01-19 18:09:50,80,49287,92.53.119.137,TCP,1514
2017-01-19 18:09:50,80,49287,92.53.119.137,TCP,1276
2017-01-19 18:09:50,80,49287,92.53.119.137,TCP,1514
2017-01-19 18:09:50,80,49287,92.53.119.137,TCP,1276
2017-01-19 18:09:50,49287,80,10.1.19.102,TCP,60
2017-01-19 18:09:50,80,49287,92.53.119.137,TCP,1395
2017-01-19 18:09:50,80,49287,92.53.119.137,TCP,1514
2017-01-19 18:09:50,80,49287,92.53.119.137,TCP,1276
2017-01-19 18:09:50,80,49287,92.53.119.137,TCP,1395
2017-01-19 18:09:50,49287,80,10.1.19.102,TCP,60
2017-01-19 18:09:50,80,49287,92.53.119.137,TCP,1514
2017-01-19 18:09:50,80,49287,92.53.119.137,TCP,1514
2017-01-19 18:09:50,80,49287,92.53.119.137,TCP,1157
2017-01-19 18:09:50,80,49287,92.53.119.137,TCP,1514
2017-01-19 18:09:50,80,49287,92.53.119.137,TCP,1514
2017-01-19 18:09:50,80,49287,92.53.119.137,HTTP,528
2017-01-19 18:09:50,49287,80,10.1.19.102,TCP,60
2017-01-19 18:09:50,80,49297,92.53.119.137,TCP,1395
2017-01-19 18:09:50,80,49297,92.53.119.137,TCP,1395
2017-01-19 18:09:50,49297,80,10.1.19.102,TCP,60
2017-01-19 18:09:50,80,49297,92.53.119.137,TCP,1395
2017-01-19 18:09:50,80,49297,92.53.119.137,TCP,1395
2017-01-19 18:09:50,80,49297,92.53.119.137,TCP,1395
2017-01-19 18:09:50,80,49297,92.53.119.137,TCP,1514
2017-01-19 18:09:50,80,49297,92.53.119.137,TCP,1276
2017-01-19 18:09:50,49297,80,10.1.19.102,TCP,60
2017-01-19 18:09:50,80,49297,92.53.119.137,TCP,1514
2017-01-19 18:09:50,80,49297,92.53.119.137,TCP,1276
2017-01-19 18:09:50,49297,80,10.1.19.102,TCP,60
2017-01-19 18:09:50,80,49297,92.53.119.137,TCP,284
2017-01-19 18:09:50,49297,80,10.1.19.102,TCP,60
2017-01-19 18:09:50,80,49297,92.53.119.137,TCP,1395
2017-01-19 18:09:50,80,49297,92.53.119.137,TCP,1395
2017-01-19 18:09:50,80,49297,92.53.119.137,TCP,1395
2017-01-19 18:09:50,49297,80,10.1.19.102,TCP,60
2017-01-19 18:09:50,80,49297,92.53.119.137,TCP,1514
2017-01-19 18:09:50,80,49297,92.53.119.137,TCP,1514
2017-01-19 18:09:50,80,49297,92.53.119.137,HTTP,212
2017-01-19 18:09:50,49297,80,10.1.19.102,TCP,60
2017-01-19 18:09:51,80,49288,92.53.119.137,TCP,1514
2017-01-19 18:09:51,80,49288,92.53.119.137,TCP,1276
2017-01-19 18:09:51,49288,80,10.1.19.102,TCP,60
2017-01-19 18:09:51,80,49288,92.53.119.137,TCP,1514
2017-01-19 18:09:51,80,49288,92.53.119.137,TCP,1276
2017-01-19 18:09:51,80,49288,92.53.119.137,TCP,1395
2017-01-19 18:09:51,80,49288,92.53.119.137,TCP,1395
2017-01-19 18:09:51,80,49288,92.53.119.137,TCP,1514
2017-01-19 18:09:51,80,49288,92.53.119.137,TCP,1276
2017-01-19 18:09:51,80,49288,92.53.119.137,TCP,1514
2017-01-19 18:09:51,49288,80,10.1.19.102,TCP,60
2017-01-19 18:09:51,80,49288,92.53.119.137,TCP,1514
2017-01-19 18:09:51,80,49288,92.53.119.137,TCP,1276
2017-01-19 18:09:51,80,49288,92.53.119.137,TCP,1395
2017-01-19 18:09:51,80,49288,92.53.119.137,TCP,1395
2017-01-19 18:09:51,49288,80,10.1.19.102,TCP,60
2017-01-19 18:09:51,80,49288,92.53.119.137,TCP,1514
2017-01-19 18:09:51,80,49288,92.53.119.137,TCP,1276
2017-01-19 18:09:51,80,49288,92.53.119.137,TCP,1514
2017-01-19 18:09:51,80,49288,92.53.119.137,TCP,1276
2017-01-19 18:09:51,80,49288,92.53.119.137,TCP,1395
2017-01-19 18:09:51,49288,80,10.1.19.102,TCP,60
2017-01-19 18:09:51,80,49288,92.53.119.137,TCP,1514
2017-01-19 18:09:51,80,49288,92.53.119.137,TCP,1276
2017-01-19 18:09:51,49288,80,10.1.19.102,TCP,60
2017-01-19 18:09:51,80,49288,92.53.119.137,TCP,1514
2017-01-19 18:09:51,80,49288,92.53.119.137,TCP,1514
2017-01-19 18:09:51,80,49288,92.53.119.137,TCP,1157
2017-01-19 18:09:51,49288,80,10.1.19.102,TCP,60
2017-01-19 18:09:51,80,49288,92.53.119.137,TCP,1514
2017-01-19 18:09:51,80,49288,92.53.119.137,TCP,1514
2017-01-19 18:09:51,80,49288,92.53.119.137,TCP,1514
2017-01-19 18:09:51,80,49288,92.53.119.137,TCP,1038
2017-01-19 18:09:51,80,49288,92.53.119.137,TCP,1395
2017-01-19 18:09:51,49288,80,10.1.19.102,TCP,60
2017-01-19 18:09:51,80,49288,92.53.119.137,TCP,1395
2017-01-19 18:09:51,80,49288,92.53.119.137,TCP,1395
2017-01-19 18:09:51,49288,80,10.1.19.102,TCP,60
2017-01-19 18:09:51,80,49288,92.53.119.137,TCP,1395
2017-01-19 18:09:51,80,49288,92.53.119.137,TCP,1395
2017-01-19 18:09:51,49288,80,10.1.19.102,TCP,60
2017-01-19 18:09:51,80,49288,92.53.119.137,TCP,1395
2017-01-19 18:09:51,80,49288,92.53.119.137,TCP,1395
2017-01-19 18:09:51,80,49288,92.53.119.137,TCP,1395
2017-01-19 18:09:51,49288,80,10.1.19.102,TCP,60
2017-01-19 18:09:51,80,49288,92.53.119.137,TCP,1395
2017-01-19 18:09:51,80,49288,92.53.119.137,TCP,1395
2017-01-19 18:09:51,49288,80,10.1.19.102,TCP,60
2017-01-19 18:09:51,80,49288,92.53.119.137,TCP,1514
2017-01-19 18:09:51,80,49288,92.53.119.137,TCP,1514
2017-01-19 18:09:51,80,49288,92.53.119.137,TCP,1157
2017-01-19 18:09:51,80,49288,92.53.119.137,TCP,1514
2017-01-19 18:09:51,80,49288,92.53.119.137,TCP,1276
2017-01-19 18:09:51,49288,80,10.1.19.102,TCP,60
2017-01-19 18:09:51,80,49288,92.53.119.137,TCP,1395
2017-01-19 18:09:51,80,49288,92.53.119.137,TCP,1514
2017-01-19 18:09:51,80,49288,92.53.119.137,TCP,1276
2017-01-19 18:09:51,49288,80,10.1.19.102,TCP,60
2017-01-19 18:09:51,80,49288,92.53.119.137,TCP,1395
2017-01-19 18:09:51,80,49288,92.53.119.137,TCP,1514
2017-01-19 18:09:51,80,49288,92.53.119.137,TCP,1276
2017-01-19 18:09:51,80,49288,92.53.119.137,TCP,1514
2017-01-19 18:09:51,49288,80,10.1.19.102,TCP,60
2017-01-19 18:09:51,80,49288,92.53.119.137,TCP,1276
2017-01-19 18:09:51,80,49288,92.53.119.137,TCP,1395
2017-01-19 18:09:51,49288,80,10.1.19.102,TCP,60
2017-01-19 18:09:51,80,49288,92.53.119.137,TCP,1395
2017-01-19 18:09:51,80,49288,92.53.119.137,TCP,1395
2017-01-19 18:09:51,80,49288,92.53.119.137,TCP,1514
2017-01-19 18:09:51,80,49288,92.53.119.137,TCP,1276
2017-01-19 18:09:51,80,49288,92.53.119.137,TCP,1395
2017-01-19 18:09:51,49288,80,10.1.19.102,TCP,60
2017-01-19 18:09:51,80,49288,92.53.119.137,TCP,1514
2017-01-19 18:09:51,80,49288,92.53.119.137,TCP,1276
2017-01-19 18:09:51,49288,80,10.1.19.102,TCP,60
2017-01-19 18:09:51,49288,80,10.1.19.102,TCP,60
2017-01-19 18:09:51,80,49288,92.53.119.137,TCP,1395
2017-01-19 18:09:51,80,49288,92.53.119.137,TCP,1514
2017-01-19 18:09:51,80,49288,92.53.119.137,TCP,1276
2017-01-19 18:09:51,80,49288,92.53.119.137,TCP,1514
2017-01-19 18:09:51,80,49288,92.53.119.137,TCP,1276
2017-01-19 18:09:51,80,49288,92.53.119.137,TCP,1395
2017-01-19 18:09:51,80,49288,92.53.119.137,TCP,1395
2017-01-19 18:09:51,80,49288,92.53.119.137,TCP,1514
2017-01-19 18:09:51,80,49288,92.53.119.137,TCP,1276
2017-01-19 18:09:51,49288,80,10.1.19.102,TCP,60
2017-01-19 18:09:51,49288,80,10.1.19.102,TCP,60
2017-01-19 18:09:51,80,49288,92.53.119.137,TCP,1395
2017-01-19 18:09:51,80,49288,92.53.119.137,TCP,1395
2017-01-19 18:09:51,80,49288,92.53.119.137,TCP,1395
2017-01-19 18:09:51,49288,80,10.1.19.102,TCP,60
2017-01-19 18:09:51,49297,80,10.1.19.102,HTTP,771
2017-01-19 18:09:51,80,49297,92.53.119.137,TCP,60
2017-01-19 18:09:51,49308,80,10.1.19.102,TCP,66
2017-01-19 18:09:51,80,49288,92.53.119.137,TCP,1395
2017-01-19 18:09:51,80,49288,92.53.119.137,TCP,1395
2017-01-19 18:09:51,80,49288,92.53.119.137,TCP,1395
2017-01-19 18:09:51,49288,80,10.1.19.102,TCP,60
2017-01-19 18:09:51,80,49288,92.53.119.137,TCP,1514
2017-01-19 18:09:51,80,49288,92.53.119.137,TCP,1514
2017-01-19 18:09:51,80,49288,92.53.119.137,TCP,1157
2017-01-19 18:09:51,49288,80,10.1.19.102,TCP,60
2017-01-19 18:09:51,80,49288,92.53.119.137,TCP,1395
2017-01-19 18:09:51,80,49288,92.53.119.137,TCP,1514
2017-01-19 18:09:51,80,49288,92.53.119.137,TCP,1276
2017-01-19 18:09:51,49288,80,10.1.19.102,TCP,60
2017-01-19 18:09:51,80,49288,92.53.119.137,TCP,1395
2017-01-19 18:09:51,80,49288,92.53.119.137,TCP,1395
2017-01-19 18:09:51,80,49288,92.53.119.137,TCP,1395
2017-01-19 18:09:51,80,49288,92.53.119.137,TCP,1514
2017-01-19 18:09:51,80,49288,92.53.119.137,TCP,1276
2017-01-19 18:09:51,80,49288,92.53.119.137,TCP,1395
2017-01-19 18:09:51,49288,80,10.1.19.102,TCP,60
2017-01-19 18:09:51,49288,80,10.1.19.102,TCP,60
2017-01-19 18:09:51,80,49288,92.53.119.137,TCP,1514
2017-01-19 18:09:51,80,49288,92.53.119.137,TCP,1514
2017-01-19 18:09:51,80,49288,92.53.119.137,TCP,1157
2017-01-19 18:09:51,80,49288,92.53.119.137,TCP,1395
2017-01-19 18:09:51,80,49288,92.53.119.137,TCP,1395
2017-01-19 18:09:51,49288,80,10.1.19.102,TCP,60
2017-01-19 18:09:51,80,49288,92.53.119.137,TCP,1514
2017-01-19 18:09:51,80,49288,92.53.119.137,TCP,1276
2017-01-19 18:09:51,49288,80,10.1.19.102,TCP,60
2017-01-19 18:09:51,80,49288,92.53.119.137,TCP,1514
2017-01-19 18:09:51,80,49288,92.53.119.137,TCP,1276
2017-01-19 18:09:51,80,49288,92.53.119.137,TCP,1395
2017-01-19 18:09:51,80,49288,92.53.119.137,TCP,1514
2017-01-19 18:09:51,80,49288,92.53.119.137,TCP,1276
2017-01-19 18:09:51,80,49288,92.53.119.137,TCP,1395
2017-01-19 18:09:51,80,49288,92.53.119.137,TCP,1514
2017-01-19 18:09:51,49288,80,10.1.19.102,TCP,60
2017-01-19 18:09:51,80,49288,92.53.119.137,TCP,1514
2017-01-19 18:09:51,80,49288,92.53.119.137,TCP,1514
2017-01-19 18:09:51,80,49288,92.53.119.137,TCP,1276
2017-01-19 18:09:51,49288,80,10.1.19.102,TCP,60
2017-01-19 18:09:51,80,49288,92.53.119.137,TCP,1514
2017-01-19 18:09:51,80,49288,92.53.119.137,TCP,1276
2017-01-19 18:09:51,80,49288,92.53.119.137,TCP,1514
2017-01-19 18:09:51,80,49288,92.53.119.137,TCP,1276
2017-01-19 18:09:51,49288,80,10.1.19.102,TCP,60
2017-01-19 18:09:51,80,49288,92.53.119.137,TCP,1514
2017-01-19 18:09:51,80,49288,92.53.119.137,TCP,1276
2017-01-19 18:09:51,49288,80,10.1.19.102,TCP,60
2017-01-19 18:09:51,80,49288,92.53.119.137,TCP,1395
2017-01-19 18:09:51,49288,80,10.1.19.102,TCP,60
2017-01-19 18:09:51,80,49288,92.53.119.137,TCP,1514
2017-01-19 18:09:51,80,49288,92.53.119.137,TCP,1276
2017-01-19 18:09:51,80,49288,92.53.119.137,TCP,1514
2017-01-19 18:09:51,80,49288,92.53.119.137,TCP,1276
2017-01-19 18:09:51,80,49288,92.53.119.137,TCP,1395
2017-01-19 18:09:51,80,49288,92.53.119.137,TCP,1514
2017-01-19 18:09:51,80,49288,92.53.119.137,TCP,1276
2017-01-19 18:09:51,49288,80,10.1.19.102,TCP,60
2017-01-19 18:09:51,80,49288,92.53.119.137,TCP,1514
2017-01-19 18:09:51,80,49288,92.53.119.137,TCP,1514
2017-01-19 18:09:51,80,49288,92.53.119.137,TCP,1157
2017-01-19 18:09:51,80,49288,92.53.119.137,TCP,1395
2017-01-19 18:09:51,80,49288,92.53.119.137,TCP,1395
2017-01-19 18:09:51,49288,80,10.1.19.102,TCP,60
2017-01-19 18:09:51,80,49288,92.53.119.137,TCP,1395
2017-01-19 18:09:51,80,49288,92.53.119.137,TCP,1395
2017-01-19 18:09:51,49288,80,10.1.19.102,TCP,60
2017-01-19 18:09:51,80,49288,92.53.119.137,TCP,1395
2017-01-19 18:09:51,80,49288,92.53.119.137,TCP,1514
2017-01-19 18:09:51,80,49288,92.53.119.137,TCP,1276
2017-01-19 18:09:51,49288,80,10.1.19.102,TCP,60
2017-01-19 18:09:51,80,49288,92.53.119.137,TCP,1514
2017-01-19 18:09:51,80,49288,92.53.119.137,TCP,1276
2017-01-19 18:09:51,80,49288,92.53.119.137,TCP,1395
2017-01-19 18:09:51,80,49288,92.53.119.137,TCP,1395
2017-01-19 18:09:51,49288,80,10.1.19.102,TCP,60
2017-01-19 18:09:51,80,49288,92.53.119.137,TCP,1395
2017-01-19 18:09:51,49288,80,10.1.19.102,TCP,60
2017-01-19 18:09:51,80,49308,92.53.119.137,TCP,60
2017-01-19 18:09:51,49308,80,10.1.19.102,TCP,60
2017-01-19 18:09:51,49308,80,10.1.19.102,HTTP,529
2017-01-19 18:09:51,80,49308,92.53.119.137,TCP,60
2017-01-19 18:09:52,80,49288,92.53.119.137,TCP,1514
2017-01-19 18:09:52,80,49288,92.53.119.137,TCP,1276
2017-01-19 18:09:52,49288,80,10.1.19.102,TCP,60
2017-01-19 18:09:52,80,49288,92.53.119.137,TCP,1514
2017-01-19 18:09:52,80,49288,92.53.119.137,TCP,1514
2017-01-19 18:09:52,80,49288,92.53.119.137,TCP,1157
2017-01-19 18:09:52,80,49288,92.53.119.137,TCP,1395
2017-01-19 18:09:52,80,49288,92.53.119.137,TCP,1395
2017-01-19 18:09:52,80,49288,92.53.119.137,TCP,1395
2017-01-19 18:09:52,80,49288,92.53.119.137,TCP,1395
2017-01-19 18:09:52,49288,80,10.1.19.102,TCP,60
2017-01-19 18:09:52,80,49288,92.53.119.137,TCP,1395
2017-01-19 18:09:52,80,49288,92.53.119.137,TCP,1395
2017-01-19 18:09:52,49288,80,10.1.19.102,TCP,60
2017-01-19 18:09:52,80,49288,92.53.119.137,TCP,1395
2017-01-19 18:09:52,80,49288,92.53.119.137,TCP,1395
2017-01-19 18:09:52,80,49288,92.53.119.137,TCP,1395
2017-01-19 18:09:52,80,49288,92.53.119.137,TCP,1395
2017-01-19 18:09:52,49288,80,10.1.19.102,TCP,60
2017-01-19 18:09:52,80,49288,92.53.119.137,TCP,1395
2017-01-19 18:09:52,80,49288,92.53.119.137,TCP,1395
2017-01-19 18:09:52,80,49288,92.53.119.137,TCP,1395
2017-01-19 18:09:52,80,49288,92.53.119.137,TCP,1395
2017-01-19 18:09:52,80,49288,92.53.119.137,TCP,1395
2017-01-19 18:09:52,49288,80,10.1.19.102,TCP,60
2017-01-19 18:09:52,80,49288,92.53.119.137,TCP,1395
2017-01-19 18:09:52,49288,80,10.1.19.102,TCP,60
2017-01-19 18:09:52,80,49288,92.53.119.137,TCP,1514
2017-01-19 18:09:52,80,49288,92.53.119.137,TCP,1514
2017-01-19 18:09:52,80,49288,92.53.119.137,TCP,1514
2017-01-19 18:09:52,80,49288,92.53.119.137,TCP,1514
2017-01-19 18:09:52,80,49288,92.53.119.137,TCP,1514
2017-01-19 18:09:52,80,49288,92.53.119.137,TCP,800
2017-01-19 18:09:52,49288,80,10.1.19.102,TCP,60
2017-01-19 18:09:52,80,49288,92.53.119.137,TCP,1514
2017-01-19 18:09:52,80,49288,92.53.119.137,TCP,1514
2017-01-19 18:09:52,80,49288,92.53.119.137,TCP,1157
2017-01-19 18:09:52,80,49288,92.53.119.137,TCP,1514
2017-01-19 18:09:52,80,49288,92.53.119.137,TCP,1276
2017-01-19 18:09:52,80,49288,92.53.119.137,TCP,1395
2017-01-19 18:09:52,80,49288,92.53.119.137,TCP,1514
2017-01-19 18:09:52,49288,80,10.1.19.102,TCP,60
2017-01-19 18:09:52,49288,80,10.1.19.102,TCP,60
2017-01-19 18:09:52,49288,80,10.1.19.102,TCP,60
2017-01-19 18:09:52,80,49288,92.53.119.137,TCP,1514
2017-01-19 18:09:52,80,49288,92.53.119.137,TCP,1276
2017-01-19 18:09:52,80,49288,92.53.119.137,TCP,1514
2017-01-19 18:09:52,80,49288,92.53.119.137,TCP,1514
2017-01-19 18:09:52,80,49288,92.53.119.137,TCP,1157
2017-01-19 18:09:52,80,49288,92.53.119.137,TCP,1514
2017-01-19 18:09:52,80,49288,92.53.119.137,TCP,1276
2017-01-19 18:09:52,80,49288,92.53.119.137,TCP,1395
2017-01-19 18:09:52,80,49288,92.53.119.137,TCP,1395
2017-01-19 18:09:52,80,49288,92.53.119.137,TCP,1514
2017-01-19 18:09:52,49288,80,10.1.19.102,TCP,60
2017-01-19 18:09:52,80,49288,92.53.119.137,TCP,1276
2017-01-19 18:09:52,49288,80,10.1.19.102,TCP,60
2017-01-19 18:09:52,80,49288,92.53.119.137,TCP,1514
2017-01-19 18:09:52,80,49288,92.53.119.137,TCP,1276
2017-01-19 18:09:52,80,49288,92.53.119.137,TCP,1514
2017-01-19 18:09:52,80,49288,92.53.119.137,TCP,1514
2017-01-19 18:09:52,80,49288,92.53.119.137,TCP,1157
2017-01-19 18:09:52,80,49288,92.53.119.137,TCP,1395
2017-01-19 18:09:52,49288,80,10.1.19.102,TCP,60
2017-01-19 18:09:52,80,49288,92.53.119.137,TCP,1395
2017-01-19 18:09:52,80,49288,92.53.119.137,TCP,1395
2017-01-19 18:09:52,49288,80,10.1.19.102,TCP,60
2017-01-19 18:09:52,80,49288,92.53.119.137,TCP,1514
2017-01-19 18:09:52,80,49288,92.53.119.137,TCP,1514
2017-01-19 18:09:52,80,49288,92.53.119.137,TCP,638
2017-01-19 18:09:52,49288,80,10.1.19.102,TCP,60
2017-01-19 18:09:52,80,49297,92.53.119.137,TCP,1395
2017-01-19 18:09:52,80,49297,92.53.119.137,TCP,1514
2017-01-19 18:09:52,80,49297,92.53.119.137,TCP,1276
2017-01-19 18:09:52,49297,80,10.1.19.102,TCP,60
2017-01-19 18:09:52,80,49297,92.53.119.137,TCP,1514
2017-01-19 18:09:52,80,49297,92.53.119.137,TCP,1514
2017-01-19 18:09:52,80,49297,92.53.119.137,TCP,1157
2017-01-19 18:09:52,80,49297,92.53.119.137,TCP,1514
2017-01-19 18:09:52,80,49297,92.53.119.137,TCP,1276
2017-01-19 18:09:52,80,49297,92.53.119.137,TCP,1395
2017-01-19 18:09:52,49297,80,10.1.19.102,TCP,60
2017-01-19 18:09:52,80,49297,92.53.119.137,TCP,284
2017-01-19 18:09:52,49297,80,10.1.19.102,TCP,60
2017-01-19 18:09:52,80,49297,92.53.119.137,TCP,284
2017-01-19 18:09:52,49297,80,10.1.19.102,TCP,60
2017-01-19 18:09:52,80,49297,92.53.119.137,TCP,1395
2017-01-19 18:09:52,80,49297,92.53.119.137,TCP,1395
2017-01-19 18:09:52,80,49297,92.53.119.137,TCP,1395
2017-01-19 18:09:52,49297,80,10.1.19.102,TCP,60
2017-01-19 18:09:52,80,49297,92.53.119.137,TCP,1514
2017-01-19 18:09:52,80,49297,92.53.119.137,TCP,1514
2017-01-19 18:09:52,80,49297,92.53.119.137,TCP,1157
2017-01-19 18:09:52,49297,80,10.1.19.102,TCP,60
2017-01-19 18:09:52,80,49297,92.53.119.137,TCP,1514
2017-01-19 18:09:52,80,49297,92.53.119.137,TCP,1276
2017-01-19 18:09:52,49297,80,10.1.19.102,TCP,60
2017-01-19 18:09:52,80,49297,92.53.119.137,TCP,1514
2017-01-19 18:09:52,80,49297,92.53.119.137,TCP,1276
2017-01-19 18:09:52,49297,80,10.1.19.102,TCP,60
2017-01-19 18:09:52,80,49297,92.53.119.137,TCP,1395
2017-01-19 18:09:52,80,49297,92.53.119.137,TCP,1395
2017-01-19 18:09:52,80,49297,92.53.119.137,TCP,1395
2017-01-19 18:09:52,80,49297,92.53.119.137,TCP,1514
2017-01-19 18:09:52,80,49297,92.53.119.137,TCP,1514
2017-01-19 18:09:52,80,49297,92.53.119.137,TCP,1157
2017-01-19 18:09:52,80,49297,92.53.119.137,TCP,1395
2017-01-19 18:09:52,49297,80,10.1.19.102,TCP,60
2017-01-19 18:09:52,80,49297,92.53.119.137,TCP,1514
2017-01-19 18:09:52,80,49297,92.53.119.137,TCP,1276
2017-01-19 18:09:52,80,49297,92.53.119.137,HTTP,766
2017-01-19 18:09:52,49297,80,10.1.19.102,TCP,60
2017-01-19 18:09:52,49297,80,10.1.19.102,TCP,60
2017-01-19 18:09:52,49288,80,10.1.19.102,TCP,60
2017-01-19 18:09:52,49287,80,10.1.19.102,TCP,60
2017-01-19 18:09:53,49309,80,10.1.19.102,TCP,66
2017-01-19 18:09:53,80,49309,92.53.119.137,TCP,60
2017-01-19 18:09:53,49309,80,10.1.19.102,TCP,60
2017-01-19 18:09:53,49309,80,10.1.19.102,HTTP,545
2017-01-19 18:09:53,80,49309,92.53.119.137,TCP,60
2017-01-19 18:09:54,80,49308,92.53.119.137,TCP,1514
2017-01-19 18:09:54,80,49308,92.53.119.137,TCP,1276
2017-01-19 18:09:54,49308,80,10.1.19.102,TCP,60
2017-01-19 18:09:54,80,49308,92.53.119.137,TCP,1514
2017-01-19 18:09:54,80,49308,92.53.119.137,TCP,1514
2017-01-19 18:09:54,80,49308,92.53.119.137,TCP,1157
2017-01-19 18:09:54,80,49308,92.53.119.137,TCP,1514
2017-01-19 18:09:54,80,49308,92.53.119.137,TCP,1276
2017-01-19 18:09:54,80,49308,92.53.119.137,TCP,1514
2017-01-19 18:09:54,80,49308,92.53.119.137,TCP,1276
2017-01-19 18:09:54,49308,80,10.1.19.102,TCP,60
2017-01-19 18:09:54,80,49308,92.53.119.137,TCP,1514
2017-01-19 18:09:54,80,49308,92.53.119.137,TCP,1276
2017-01-19 18:09:54,49308,80,10.1.19.102,TCP,60
2017-01-19 18:09:54,80,49308,92.53.119.137,TCP,1395
2017-01-19 18:09:54,80,49308,92.53.119.137,TCP,1395
2017-01-19 18:09:54,80,49308,92.53.119.137,TCP,1395
2017-01-19 18:09:54,80,49308,92.53.119.137,TCP,1514
2017-01-19 18:09:54,80,49308,92.53.119.137,TCP,1276
2017-01-19 18:09:54,80,49308,92.53.119.137,TCP,1514
2017-01-19 18:09:54,80,49308,92.53.119.137,TCP,1276
2017-01-19 18:09:54,80,49308,92.53.119.137,TCP,1395
2017-01-19 18:09:54,49308,80,10.1.19.102,TCP,60
2017-01-19 18:09:54,80,49308,92.53.119.137,TCP,1395
2017-01-19 18:09:54,80,49308,92.53.119.137,TCP,1514
2017-01-19 18:09:54,80,49308,92.53.119.137,TCP,1276
2017-01-19 18:09:54,49308,80,10.1.19.102,TCP,60
2017-01-19 18:09:54,80,49308,92.53.119.137,TCP,1395
2017-01-19 18:09:54,49308,80,10.1.19.102,TCP,60
2017-01-19 18:09:54,80,49308,92.53.119.137,TCP,1514
2017-01-19 18:09:54,80,49308,92.53.119.137,TCP,1276
2017-01-19 18:09:54,80,49308,92.53.119.137,TCP,1395
2017-01-19 18:09:54,80,49308,92.53.119.137,TCP,1395
2017-01-19 18:09:54,49308,80,10.1.19.102,TCP,60
2017-01-19 18:09:54,80,49308,92.53.119.137,TCP,1395
2017-01-19 18:09:54,80,49308,92.53.119.137,TCP,1395
2017-01-19 18:09:54,49308,80,10.1.19.102,TCP,60
2017-01-19 18:09:54,80,49308,92.53.119.137,TCP,1514
2017-01-19 18:09:54,80,49308,92.53.119.137,TCP,1276
2017-01-19 18:09:54,49308,80,10.1.19.102,TCP,60
2017-01-19 18:09:54,80,49308,92.53.119.137,TCP,1395
2017-01-19 18:09:54,80,49308,92.53.119.137,TCP,1395
2017-01-19 18:09:54,80,49308,92.53.119.137,TCP,1514
2017-01-19 18:09:54,80,49308,92.53.119.137,TCP,1276
2017-01-19 18:09:54,80,49308,92.53.119.137,TCP,1514
2017-01-19 18:09:54,49308,80,10.1.19.102,TCP,60
2017-01-19 18:09:54,80,49308,92.53.119.137,TCP,1276
2017-01-19 18:09:54,80,49308,92.53.119.137,TCP,1395
2017-01-19 18:09:54,80,49308,92.53.119.137,TCP,1514
2017-01-19 18:09:54,80,49308,92.53.119.137,TCP,1514
2017-01-19 18:09:54,80,49308,92.53.119.137,TCP,1157
2017-01-19 18:09:54,49308,80,10.1.19.102,TCP,60
2017-01-19 18:09:54,49308,80,10.1.19.102,TCP,60
2017-01-19 18:09:54,80,49308,92.53.119.137,TCP,1395
2017-01-19 18:09:54,80,49308,92.53.119.137,TCP,1395
2017-01-19 18:09:54,49308,80,10.1.19.102,TCP,60
2017-01-19 18:09:54,80,49308,92.53.119.137,TCP,1514
2017-01-19 18:09:54,80,49308,92.53.119.137,TCP,1514
2017-01-19 18:09:54,80,49308,92.53.119.137,TCP,1157
2017-01-19 18:09:54,80,49308,92.53.119.137,TCP,1395
2017-01-19 18:09:54,80,49308,92.53.119.137,TCP,1395
2017-01-19 18:09:54,49308,80,10.1.19.102,TCP,60
2017-01-19 18:09:54,80,49308,92.53.119.137,TCP,1395
2017-01-19 18:09:54,80,49308,92.53.119.137,TCP,1395
2017-01-19 18:09:54,80,49308,92.53.119.137,TCP,1395
2017-01-19 18:09:54,80,49308,92.53.119.137,TCP,1395
2017-01-19 18:09:54,49308,80,10.1.19.102,TCP,60
2017-01-19 18:09:54,80,49308,92.53.119.137,TCP,1395
2017-01-19 18:09:54,80,49308,92.53.119.137,TCP,1395
2017-01-19 18:09:54,49308,80,10.1.19.102,TCP,60
2017-01-19 18:09:54,80,49308,92.53.119.137,TCP,1395
2017-01-19 18:09:54,80,49308,92.53.119.137,TCP,1514
2017-01-19 18:09:54,80,49308,92.53.119.137,TCP,1276
2017-01-19 18:09:54,49308,80,10.1.19.102,TCP,60
2017-01-19 18:09:54,80,49308,92.53.119.137,TCP,1395
2017-01-19 18:09:54,49308,80,10.1.19.102,TCP,60
2017-01-19 18:09:54,80,49308,92.53.119.137,TCP,1514
2017-01-19 18:09:54,80,49308,92.53.119.137,TCP,1276
2017-01-19 18:09:54,49308,80,10.1.19.102,TCP,60
2017-01-19 18:09:54,80,49308,92.53.119.137,TCP,1514
2017-01-19 18:09:54,80,49308,92.53.119.137,TCP,1276
2017-01-19 18:09:54,49308,80,10.1.19.102,TCP,60
2017-01-19 18:09:54,80,49308,92.53.119.137,TCP,1514
2017-01-19 18:09:54,80,49308,92.53.119.137,TCP,1276
2017-01-19 18:09:54,49308,80,10.1.19.102,TCP,60
2017-01-19 18:09:54,80,49308,92.53.119.137,TCP,1395
2017-01-19 18:09:54,80,49308,92.53.119.137,TCP,1395
2017-01-19 18:09:54,80,49308,92.53.119.137,TCP,1395
2017-01-19 18:09:54,49308,80,10.1.19.102,TCP,60
2017-01-19 18:09:54,80,49308,92.53.119.137,TCP,1514
2017-01-19 18:09:54,80,49308,92.53.119.137,TCP,1276
2017-01-19 18:09:54,80,49308,92.53.119.137,TCP,1514
2017-01-19 18:09:54,80,49308,92.53.119.137,TCP,1276
2017-01-19 18:09:54,49308,80,10.1.19.102,TCP,60
2017-01-19 18:09:54,80,49308,92.53.119.137,TCP,1395
2017-01-19 18:09:54,49308,80,10.1.19.102,TCP,60
2017-01-19 18:09:54,80,49308,92.53.119.137,TCP,1514
2017-01-19 18:09:54,80,49308,92.53.119.137,TCP,1276
2017-01-19 18:09:54,80,49308,92.53.119.137,TCP,1395
2017-01-19 18:09:54,49308,80,10.1.19.102,TCP,60
2017-01-19 18:09:54,80,49308,92.53.119.137,TCP,1395
2017-01-19 18:09:54,80,49308,92.53.119.137,TCP,1514
2017-01-19 18:09:54,80,49308,92.53.119.137,TCP,1276
2017-01-19 18:09:54,49308,80,10.1.19.102,TCP,60
2017-01-19 18:09:54,80,49308,92.53.119.137,TCP,1514
2017-01-19 18:09:54,80,49308,92.53.119.137,TCP,1276
2017-01-19 18:09:54,80,49308,92.53.119.137,TCP,1395
2017-01-19 18:09:54,80,49308,92.53.119.137,TCP,1514
2017-01-19 18:09:54,80,49308,92.53.119.137,TCP,1276
2017-01-19 18:09:54,49308,80,10.1.19.102,TCP,60
2017-01-19 18:09:54,49308,80,10.1.19.102,TCP,60
2017-01-19 18:09:54,80,49308,92.53.119.137,TCP,1395
2017-01-19 18:09:54,80,49308,92.53.119.137,TCP,1395
2017-01-19 18:09:54,49308,80,10.1.19.102,TCP,60
2017-01-19 18:09:54,80,49308,92.53.119.137,TCP,1395
2017-01-19 18:09:54,80,49308,92.53.119.137,TCP,1395
2017-01-19 18:09:54,49308,80,10.1.19.102,TCP,60
2017-01-19 18:09:54,80,49308,92.53.119.137,TCP,1395
2017-01-19 18:09:54,80,49308,92.53.119.137,TCP,1395
2017-01-19 18:09:54,49308,80,10.1.19.102,TCP,60
2017-01-19 18:09:54,80,49308,92.53.119.137,TCP,1514
2017-01-19 18:09:54,80,49308,92.53.119.137,TCP,1276
2017-01-19 18:09:54,80,49308,92.53.119.137,TCP,1395
2017-01-19 18:09:54,49308,80,10.1.19.102,TCP,60
2017-01-19 18:09:54,80,49308,92.53.119.137,TCP,1395
2017-01-19 18:09:54,80,49308,92.53.119.137,TCP,1395
2017-01-19 18:09:54,49308,80,10.1.19.102,TCP,60
2017-01-19 18:09:54,49308,80,10.1.19.102,TCP,60
2017-01-19 18:09:54,80,49308,92.53.119.137,TCP,1514
2017-01-19 18:09:54,80,49308,92.53.119.137,TCP,1276
2017-01-19 18:09:54,80,49308,92.53.119.137,TCP,1395
2017-01-19 18:09:54,49308,80,10.1.19.102,TCP,60
2017-01-19 18:09:54,80,49308,92.53.119.137,TCP,1395
2017-01-19 18:09:54,49308,80,10.1.19.102,TCP,60
2017-01-19 18:09:54,80,49308,92.53.119.137,TCP,1395
2017-01-19 18:09:54,80,49308,92.53.119.137,TCP,1514
2017-01-19 18:09:54,80,49308,92.53.119.137,TCP,1514
2017-01-19 18:09:54,80,49308,92.53.119.137,TCP,1157
2017-01-19 18:09:54,80,49308,92.53.119.137,TCP,1395
2017-01-19 18:09:54,49308,80,10.1.19.102,TCP,60
2017-01-19 18:09:54,80,49308,92.53.119.137,TCP,1395
2017-01-19 18:09:54,80,49308,92.53.119.137,TCP,1395
2017-01-19 18:09:54,49308,80,10.1.19.102,TCP,60
2017-01-19 18:09:54,80,49308,92.53.119.137,TCP,1514
2017-01-19 18:09:54,80,49308,92.53.119.137,TCP,1276
2017-01-19 18:09:54,80,49308,92.53.119.137,TCP,1395
2017-01-19 18:09:54,80,49308,92.53.119.137,TCP,1514
2017-01-19 18:09:54,80,49308,92.53.119.137,TCP,1276
2017-01-19 18:09:54,80,49308,92.53.119.137,TCP,1395
2017-01-19 18:09:54,80,49308,92.53.119.137,TCP,1514
2017-01-19 18:09:54,80,49308,92.53.119.137,TCP,1276
2017-01-19 18:09:54,49308,80,10.1.19.102,TCP,60
2017-01-19 18:09:54,80,49308,92.53.119.137,TCP,1395
2017-01-19 18:09:54,80,49308,92.53.119.137,TCP,1395
2017-01-19 18:09:54,80,49308,92.53.119.137,TCP,1395
2017-01-19 18:09:54,80,49308,92.53.119.137,TCP,1395
2017-01-19 18:09:54,49308,80,10.1.19.102,TCP,60
2017-01-19 18:09:54,80,49308,92.53.119.137,TCP,1514
2017-01-19 18:09:54,80,49308,92.53.119.137,TCP,1276
2017-01-19 18:09:54,49308,80,10.1.19.102,TCP,60
2017-01-19 18:09:54,80,49308,92.53.119.137,TCP,1395
2017-01-19 18:09:54,80,49308,92.53.119.137,TCP,1395
2017-01-19 18:09:54,80,49308,92.53.119.137,TCP,1514
2017-01-19 18:09:54,80,49308,92.53.119.137,TCP,1514
2017-01-19 18:09:54,80,49308,92.53.119.137,TCP,1514
2017-01-19 18:09:54,80,49308,92.53.119.137,TCP,1038
2017-01-19 18:09:54,49308,80,10.1.19.102,TCP,60
2017-01-19 18:09:54,80,49308,92.53.119.137,TCP,1395
2017-01-19 18:09:54,80,49308,92.53.119.137,TCP,1395
2017-01-19 18:09:54,80,49308,92.53.119.137,TCP,1395
2017-01-19 18:09:54,80,49308,92.53.119.137,TCP,1395
2017-01-19 18:09:54,80,49308,92.53.119.137,TCP,1395
2017-01-19 18:09:54,49308,80,10.1.19.102,TCP,60
2017-01-19 18:09:54,49308,80,10.1.19.102,TCP,60
2017-01-19 18:09:54,80,49308,92.53.119.137,TCP,1395
2017-01-19 18:09:54,80,49308,92.53.119.137,TCP,1395
2017-01-19 18:09:54,80,49308,92.53.119.137,TCP,1395
2017-01-19 18:09:54,49308,80,10.1.19.102,TCP,60
2017-01-19 18:09:54,80,49308,92.53.119.137,TCP,1395
2017-01-19 18:09:54,49308,80,10.1.19.102,TCP,60
2017-01-19 18:09:54,80,49308,92.53.119.137,TCP,1514
2017-01-19 18:09:54,80,49308,92.53.119.137,TCP,1276
2017-01-19 18:09:54,49308,80,10.1.19.102,TCP,60
2017-01-19 18:09:54,80,49308,92.53.119.137,TCP,1514
2017-01-19 18:09:54,80,49308,92.53.119.137,TCP,1276
2017-01-19 18:09:54,80,49308,92.53.119.137,TCP,1514
2017-01-19 18:09:54,80,49308,92.53.119.137,TCP,1276
2017-01-19 18:09:54,49308,80,10.1.19.102,TCP,60
2017-01-19 18:09:54,80,49308,92.53.119.137,TCP,1395
2017-01-19 18:09:54,49308,80,10.1.19.102,TCP,60
2017-01-19 18:09:54,80,49308,92.53.119.137,TCP,1514
2017-01-19 18:09:54,80,49308,92.53.119.137,TCP,1514
2017-01-19 18:09:54,80,49308,92.53.119.137,TCP,1157
2017-01-19 18:09:54,80,49308,92.53.119.137,TCP,1514
2017-01-19 18:09:54,80,49308,92.53.119.137,TCP,1276
2017-01-19 18:09:54,80,49308,92.53.119.137,TCP,1395
2017-01-19 18:09:54,49308,80,10.1.19.102,TCP,60
2017-01-19 18:09:54,80,49308,92.53.119.137,TCP,1514
2017-01-19 18:09:54,80,49308,92.53.119.137,TCP,1276
2017-01-19 18:09:54,80,49308,92.53.119.137,TCP,1395
2017-01-19 18:09:54,80,49308,92.53.119.137,TCP,1395
2017-01-19 18:09:54,80,49308,92.53.119.137,TCP,1395
2017-01-19 18:09:54,49308,80,10.1.19.102,TCP,60
2017-01-19 18:09:54,80,49308,92.53.119.137,TCP,1514
2017-01-19 18:09:54,80,49308,92.53.119.137,TCP,1276
2017-01-19 18:09:54,49308,80,10.1.19.102,TCP,60
2017-01-19 18:09:54,80,49308,92.53.119.137,TCP,1514
2017-01-19 18:09:54,80,49308,92.53.119.137,TCP,1276
2017-01-19 18:09:54,80,49308,92.53.119.137,TCP,1395
2017-01-19 18:09:54,49308,80,10.1.19.102,TCP,60
2017-01-19 18:09:54,80,49308,92.53.119.137,TCP,1395
2017-01-19 18:09:54,49308,80,10.1.19.102,TCP,60
2017-01-19 18:09:54,80,49308,92.53.119.137,TCP,1395
2017-01-19 18:09:54,49308,80,10.1.19.102,TCP,60
2017-01-19 18:09:54,80,49308,92.53.119.137,TCP,1514
2017-01-19 18:09:54,80,49308,92.53.119.137,TCP,1276
2017-01-19 18:09:54,80,49308,92.53.119.137,TCP,1395
2017-01-19 18:09:54,49308,80,10.1.19.102,TCP,60
2017-01-19 18:09:54,80,49308,92.53.119.137,TCP,1395
2017-01-19 18:09:54,49308,80,10.1.19.102,TCP,60
2017-01-19 18:09:54,80,49308,92.53.119.137,TCP,1514
2017-01-19 18:09:54,80,49308,92.53.119.137,TCP,1276
2017-01-19 18:09:54,80,49308,92.53.119.137,TCP,1514
2017-01-19 18:09:54,80,49308,92.53.119.137,TCP,1276
2017-01-19 18:09:54,80,49308,92.53.119.137,TCP,1395
2017-01-19 18:09:54,49308,80,10.1.19.102,TCP,60
2017-01-19 18:09:54,80,49308,92.53.119.137,TCP,1514
2017-01-19 18:09:54,80,49308,92.53.119.137,TCP,1276
2017-01-19 18:09:54,49308,80,10.1.19.102,TCP,60
2017-01-19 18:09:54,49308,80,10.1.19.102,TCP,60
2017-01-19 18:09:54,80,49308,92.53.119.137,TCP,1514
2017-01-19 18:09:54,80,49308,92.53.119.137,TCP,1276
2017-01-19 18:09:54,80,49308,92.53.119.137,TCP,1395
2017-01-19 18:09:54,80,49308,92.53.119.137,TCP,1514
2017-01-19 18:09:54,80,49308,92.53.119.137,TCP,1276
2017-01-19 18:09:54,49308,80,10.1.19.102,TCP,60
2017-01-19 18:09:54,80,49308,92.53.119.137,TCP,1395
2017-01-19 18:09:54,80,49308,92.53.119.137,TCP,1514
2017-01-19 18:09:54,80,49308,92.53.119.137,TCP,1276
2017-01-19 18:09:54,49308,80,10.1.19.102,TCP,60
2017-01-19 18:09:54,80,49308,92.53.119.137,TCP,1514
2017-01-19 18:09:54,80,49308,92.53.119.137,TCP,1514
2017-01-19 18:09:54,80,49308,92.53.119.137,TCP,1514
2017-01-19 18:09:54,80,49308,92.53.119.137,TCP,1514
2017-01-19 18:09:54,80,49308,92.53.119.137,TCP,919
2017-01-19 18:09:54,49308,80,10.1.19.102,TCP,60
2017-01-19 18:09:54,80,49308,92.53.119.137,TCP,1514
2017-01-19 18:09:54,49308,80,10.1.19.102,TCP,60
2017-01-19 18:09:54,49308,80,10.1.19.102,TCP,60
2017-01-19 18:09:54,80,49308,92.53.119.137,TCP,1514
2017-01-19 18:09:54,80,49308,92.53.119.137,TCP,1276
2017-01-19 18:09:54,80,49308,92.53.119.137,TCP,1514
2017-01-19 18:09:54,80,49308,92.53.119.137,TCP,1276
2017-01-19 18:09:54,80,49308,92.53.119.137,TCP,1395
2017-01-19 18:09:54,49308,80,10.1.19.102,TCP,60
2017-01-19 18:09:54,80,49308,92.53.119.137,TCP,1514
2017-01-19 18:09:54,80,49308,92.53.119.137,TCP,1276
2017-01-19 18:09:54,80,49308,92.53.119.137,TCP,1395
2017-01-19 18:09:54,80,49308,92.53.119.137,TCP,1395
2017-01-19 18:09:54,49308,80,10.1.19.102,TCP,60
2017-01-19 18:09:54,80,49308,92.53.119.137,TCP,1514
2017-01-19 18:09:54,80,49308,92.53.119.137,TCP,757
2017-01-19 18:09:54,49308,80,10.1.19.102,TCP,60
2017-01-19 18:09:54,49308,80,10.1.19.102,TCP,60
2017-01-19 18:09:55,80,49309,92.53.119.137,TCP,1395
2017-01-19 18:09:55,80,49309,92.53.119.137,TCP,1395
2017-01-19 18:09:55,80,49309,92.53.119.137,TCP,1395
2017-01-19 18:09:55,80,49309,92.53.119.137,TCP,1395
2017-01-19 18:09:55,49309,80,10.1.19.102,TCP,60
2017-01-19 18:09:55,80,49309,92.53.119.137,TCP,1514
2017-01-19 18:09:55,80,49309,92.53.119.137,TCP,1276
2017-01-19 18:09:55,80,49309,92.53.119.137,TCP,1514
2017-01-19 18:09:55,80,49309,92.53.119.137,TCP,1276
2017-01-19 18:09:55,80,49309,92.53.119.137,TCP,1395
2017-01-19 18:09:55,80,49309,92.53.119.137,TCP,284
2017-01-19 18:09:55,49309,80,10.1.19.102,TCP,60
2017-01-19 18:09:55,49309,80,10.1.19.102,TCP,60
2017-01-19 18:09:55,80,49309,92.53.119.137,TCP,1514
2017-01-19 18:09:55,80,49309,92.53.119.137,TCP,1276
2017-01-19 18:09:55,80,49309,92.53.119.137,TCP,1395
2017-01-19 18:09:55,49309,80,10.1.19.102,TCP,60
2017-01-19 18:09:55,80,49309,92.53.119.137,TCP,1395
2017-01-19 18:09:55,80,49309,92.53.119.137,TCP,1395
2017-01-19 18:09:55,49309,80,10.1.19.102,TCP,60
2017-01-19 18:09:55,80,49309,92.53.119.137,TCP,1395
2017-01-19 18:09:55,80,49309,92.53.119.137,TCP,1395
2017-01-19 18:09:55,80,49309,92.53.119.137,TCP,1514
2017-01-19 18:09:55,80,49309,92.53.119.137,TCP,1276
2017-01-19 18:09:55,49309,80,10.1.19.102,TCP,60
2017-01-19 18:09:55,80,49309,92.53.119.137,TCP,1395
2017-01-19 18:09:55,80,49309,92.53.119.137,TCP,1395
2017-01-19 18:09:55,80,49309,92.53.119.137,TCP,1395
2017-01-19 18:09:55,49309,80,10.1.19.102,TCP,60
2017-01-19 18:09:55,80,49309,92.53.119.137,TCP,1514
2017-01-19 18:09:55,80,49309,92.53.119.137,TCP,1276
2017-01-19 18:09:55,49309,80,10.1.19.102,TCP,60
2017-01-19 18:09:55,80,49309,92.53.119.137,TCP,1395
2017-01-19 18:09:55,80,49309,92.53.119.137,TCP,1395
2017-01-19 18:09:55,80,49309,92.53.119.137,TCP,1514
2017-01-19 18:09:55,80,49309,92.53.119.137,TCP,1276
2017-01-19 18:09:55,80,49309,92.53.119.137,TCP,1395
2017-01-19 18:09:55,49309,80,10.1.19.102,TCP,60
2017-01-19 18:09:55,49309,80,10.1.19.102,TCP,60
2017-01-19 18:09:55,80,49309,92.53.119.137,TCP,1395
2017-01-19 18:09:55,80,49309,92.53.119.137,TCP,1395
2017-01-19 18:09:55,49309,80,10.1.19.102,TCP,60
2017-01-19 18:09:55,80,49309,92.53.119.137,TCP,1395
2017-01-19 18:09:55,80,49309,92.53.119.137,TCP,1514
2017-01-19 18:09:55,80,49309,92.53.119.137,TCP,1276
2017-01-19 18:09:55,49309,80,10.1.19.102,TCP,60
2017-01-19 18:09:55,80,49309,92.53.119.137,TCP,1514
2017-01-19 18:09:55,80,49309,92.53.119.137,TCP,1276
2017-01-19 18:09:55,80,49309,92.53.119.137,TCP,1395
2017-01-19 18:09:55,80,49309,92.53.119.137,TCP,1514
2017-01-19 18:09:55,80,49309,92.53.119.137,TCP,1276
2017-01-19 18:09:55,49309,80,10.1.19.102,TCP,60
2017-01-19 18:09:55,80,49309,92.53.119.137,TCP,1514
2017-01-19 18:09:55,80,49309,92.53.119.137,TCP,1514
2017-01-19 18:09:55,80,49309,92.53.119.137,TCP,1157
2017-01-19 18:09:55,80,49309,92.53.119.137,TCP,1395
2017-01-19 18:09:55,80,49309,92.53.119.137,TCP,1395
2017-01-19 18:09:55,80,49309,92.53.119.137,TCP,1395
2017-01-19 18:09:55,49309,80,10.1.19.102,TCP,60
2017-01-19 18:09:55,80,49309,92.53.119.137,TCP,1514
2017-01-19 18:09:55,80,49309,92.53.119.137,TCP,1514
2017-01-19 18:09:55,80,49309,92.53.119.137,TCP,1157
2017-01-19 18:09:55,80,49309,92.53.119.137,TCP,1514
2017-01-19 18:09:55,80,49309,92.53.119.137,TCP,1276
2017-01-19 18:09:55,80,49309,92.53.119.137,TCP,1395
2017-01-19 18:09:55,80,49309,92.53.119.137,TCP,1395
2017-01-19 18:09:55,80,49309,92.53.119.137,TCP,1395
2017-01-19 18:09:55,49309,80,10.1.19.102,TCP,60
2017-01-19 18:09:55,80,49309,92.53.119.137,TCP,1514
2017-01-19 18:09:55,80,49309,92.53.119.137,TCP,1276
2017-01-19 18:09:55,49309,80,10.1.19.102,TCP,60
2017-01-19 18:09:55,80,49309,92.53.119.137,TCP,1395
2017-01-19 18:09:55,49309,80,10.1.19.102,TCP,60
2017-01-19 18:09:55,80,49309,92.53.119.137,TCP,1514
2017-01-19 18:09:55,80,49309,92.53.119.137,TCP,1514
2017-01-19 18:09:55,80,49309,92.53.119.137,TCP,1157
2017-01-19 18:09:55,80,49309,92.53.119.137,TCP,1395
2017-01-19 18:09:55,80,49309,92.53.119.137,TCP,1395
2017-01-19 18:09:55,80,49309,92.53.119.137,TCP,1514
2017-01-19 18:09:55,80,49309,92.53.119.137,TCP,1276
2017-01-19 18:09:55,49309,80,10.1.19.102,TCP,60
2017-01-19 18:09:55,80,49309,92.53.119.137,TCP,1395
2017-01-19 18:09:55,80,49309,92.53.119.137,TCP,1395
2017-01-19 18:09:55,49309,80,10.1.19.102,TCP,60
2017-01-19 18:09:55,80,49309,92.53.119.137,TCP,1395
2017-01-19 18:09:55,80,49309,92.53.119.137,TCP,1395
2017-01-19 18:09:55,80,49309,92.53.119.137,TCP,1395
2017-01-19 18:09:55,80,49309,92.53.119.137,TCP,1395
2017-01-19 18:09:55,49309,80,10.1.19.102,TCP,60
2017-01-19 18:09:55,80,49309,92.53.119.137,TCP,1395
2017-01-19 18:09:55,49309,80,10.1.19.102,TCP,60
2017-01-19 18:09:55,49309,80,10.1.19.102,TCP,60
2017-01-19 18:09:55,49308,80,10.1.19.102,TCP,60
2017-01-19 18:09:55,80,49309,92.53.119.137,TCP,1395
2017-01-19 18:09:55,80,49309,92.53.119.137,TCP,1514
2017-01-19 18:09:55,80,49309,92.53.119.137,TCP,1276
2017-01-19 18:09:55,49309,80,10.1.19.102,TCP,60
2017-01-19 18:09:55,80,49309,92.53.119.137,TCP,1514
2017-01-19 18:09:55,80,49309,92.53.119.137,TCP,1276
2017-01-19 18:09:55,80,49309,92.53.119.137,TCP,1395
2017-01-19 18:09:55,49309,80,10.1.19.102,TCP,60
2017-01-19 18:09:55,80,49309,92.53.119.137,TCP,1395
2017-01-19 18:09:55,80,49309,92.53.119.137,TCP,1514
2017-01-19 18:09:55,80,49309,92.53.119.137,TCP,1276
2017-01-19 18:09:55,80,49309,92.53.119.137,TCP,1395
2017-01-19 18:09:55,80,49309,92.53.119.137,TCP,1514
2017-01-19 18:09:55,80,49309,92.53.119.137,TCP,1276
2017-01-19 18:09:55,49309,80,10.1.19.102,TCP,60
2017-01-19 18:09:55,49309,80,10.1.19.102,TCP,60
2017-01-19 18:09:55,80,49309,92.53.119.137,TCP,1514
2017-01-19 18:09:55,80,49309,92.53.119.137,TCP,1276
2017-01-19 18:09:55,80,49309,92.53.119.137,TCP,1395
2017-01-19 18:09:55,49309,80,10.1.19.102,TCP,60
2017-01-19 18:09:55,80,49309,92.53.119.137,TCP,1514
2017-01-19 18:09:55,80,49309,92.53.119.137,TCP,1514
2017-01-19 18:09:55,80,49309,92.53.119.137,TCP,1157
2017-01-19 18:09:55,49309,80,10.1.19.102,TCP,60
2017-01-19 18:09:55,80,49309,92.53.119.137,TCP,1395
2017-01-19 18:09:55,80,49309,92.53.119.137,TCP,1514
2017-01-19 18:09:55,80,49309,92.53.119.137,TCP,1514
2017-01-19 18:09:55,80,49309,92.53.119.137,TCP,1157
2017-01-19 18:09:55,80,49309,92.53.119.137,TCP,1514
2017-01-19 18:09:55,80,49309,92.53.119.137,TCP,1276
2017-01-19 18:09:55,80,49309,92.53.119.137,TCP,1395
2017-01-19 18:09:55,49309,80,10.1.19.102,TCP,60
2017-01-19 18:09:55,80,49309,92.53.119.137,TCP,1514
2017-01-19 18:09:55,80,49309,92.53.119.137,TCP,1514
2017-01-19 18:09:55,80,49309,92.53.119.137,TCP,1157
2017-01-19 18:09:55,80,49309,92.53.119.137,TCP,1395
2017-01-19 18:09:55,80,49309,92.53.119.137,TCP,1514
2017-01-19 18:09:55,80,49309,92.53.119.137,TCP,1276
2017-01-19 18:09:55,80,49309,92.53.119.137,TCP,1395
2017-01-19 18:09:55,80,49309,92.53.119.137,TCP,1514
2017-01-19 18:09:55,80,49309,92.53.119.137,TCP,1276
2017-01-19 18:09:55,49309,80,10.1.19.102,TCP,60
2017-01-19 18:09:55,49309,80,10.1.19.102,TCP,60
2017-01-19 18:09:55,80,49309,92.53.119.137,TCP,1395
2017-01-19 18:09:55,80,49309,92.53.119.137,TCP,1395
2017-01-19 18:09:55,80,49309,92.53.119.137,TCP,1395
2017-01-19 18:09:55,80,49309,92.53.119.137,TCP,1395
2017-01-19 18:09:55,80,49309,92.53.119.137,TCP,1514
2017-01-19 18:09:55,80,49309,92.53.119.137,TCP,1276
2017-01-19 18:09:55,49309,80,10.1.19.102,TCP,60
2017-01-19 18:09:55,80,49309,92.53.119.137,TCP,1395
2017-01-19 18:09:55,49309,80,10.1.19.102,TCP,60
2017-01-19 18:09:55,80,49309,92.53.119.137,TCP,1514
2017-01-19 18:09:55,80,49309,92.53.119.137,TCP,1514
2017-01-19 18:09:55,80,49309,92.53.119.137,TCP,1157
2017-01-19 18:09:55,80,49309,92.53.119.137,TCP,1395
2017-01-19 18:09:55,80,49309,92.53.119.137,TCP,1395
2017-01-19 18:09:55,80,49309,92.53.119.137,TCP,1514
2017-01-19 18:09:55,80,49309,92.53.119.137,TCP,1276
2017-01-19 18:09:55,49309,80,10.1.19.102,TCP,60
2017-01-19 18:09:55,80,49309,92.53.119.137,TCP,1395
2017-01-19 18:09:55,80,49309,92.53.119.137,TCP,1395
2017-01-19 18:09:55,80,49309,92.53.119.137,TCP,1514
2017-01-19 18:09:55,80,49309,92.53.119.137,TCP,1514
2017-01-19 18:09:55,80,49309,92.53.119.137,TCP,1157
2017-01-19 18:09:55,80,49309,92.53.119.137,TCP,1395
2017-01-19 18:09:55,49309,80,10.1.19.102,TCP,60
2017-01-19 18:09:55,80,49309,92.53.119.137,TCP,1395
2017-01-19 18:09:55,80,49309,92.53.119.137,TCP,1514
2017-01-19 18:09:55,80,49309,92.53.119.137,TCP,1276
2017-01-19 18:09:55,80,49309,92.53.119.137,TCP,1395
2017-01-19 18:09:55,80,49309,92.53.119.137,TCP,1514
2017-01-19 18:09:55,80,49309,92.53.119.137,TCP,1276
2017-01-19 18:09:55,49309,80,10.1.19.102,TCP,60
2017-01-19 18:09:55,80,49309,92.53.119.137,TCP,1395
2017-01-19 18:09:55,80,49309,92.53.119.137,TCP,1514
2017-01-19 18:09:55,80,49309,92.53.119.137,TCP,1514
2017-01-19 18:09:55,80,49309,92.53.119.137,TCP,1157
2017-01-19 18:09:55,80,49309,92.53.119.137,TCP,1395
2017-01-19 18:09:55,49309,80,10.1.19.102,TCP,60
2017-01-19 18:09:55,80,49309,92.53.119.137,TCP,1395
2017-01-19 18:09:55,80,49309,92.53.119.137,TCP,1395
2017-01-19 18:09:55,80,49309,92.53.119.137,TCP,1395
2017-01-19 18:09:55,80,49309,92.53.119.137,TCP,1395
2017-01-19 18:09:55,80,49309,92.53.119.137,TCP,1395
2017-01-19 18:09:55,49309,80,10.1.19.102,TCP,60
2017-01-19 18:09:55,80,49309,92.53.119.137,TCP,1514
2017-01-19 18:09:55,80,49309,92.53.119.137,TCP,1276
2017-01-19 18:09:55,80,49309,92.53.119.137,TCP,1395
2017-01-19 18:09:55,80,49309,92.53.119.137,TCP,1514
2017-01-19 18:09:55,80,49309,92.53.119.137,TCP,1514
2017-01-19 18:09:55,80,49309,92.53.119.137,TCP,1157
2017-01-19 18:09:55,80,49309,92.53.119.137,TCP,1395
2017-01-19 18:09:55,49309,80,10.1.19.102,TCP,60
2017-01-19 18:09:55,80,49309,92.53.119.137,TCP,1395
2017-01-19 18:09:55,49309,80,10.1.19.102,TCP,60
2017-01-19 18:09:55,80,49309,92.53.119.137,TCP,1514
2017-01-19 18:09:55,80,49309,92.53.119.137,TCP,1276
2017-01-19 18:09:55,49309,80,10.1.19.102,TCP,60
2017-01-19 18:09:55,80,49309,92.53.119.137,TCP,1395
2017-01-19 18:09:55,80,49309,92.53.119.137,TCP,1514
2017-01-19 18:09:55,80,49309,92.53.119.137,TCP,1276
2017-01-19 18:09:55,49309,80,10.1.19.102,TCP,60
2017-01-19 18:09:55,80,49309,92.53.119.137,TCP,1395
2017-01-19 18:09:55,80,49309,92.53.119.137,TCP,1395
2017-01-19 18:09:55,49309,80,10.1.19.102,TCP,60
2017-01-19 18:09:55,80,49309,92.53.119.137,TCP,1395
2017-01-19 18:09:55,80,49309,92.53.119.137,TCP,1395
2017-01-19 18:09:55,49309,80,10.1.19.102,TCP,60
2017-01-19 18:09:55,80,49309,92.53.119.137,TCP,1395
2017-01-19 18:09:55,80,49309,92.53.119.137,TCP,1514
2017-01-19 18:09:55,80,49309,92.53.119.137,TCP,1276
2017-01-19 18:09:55,80,49309,92.53.119.137,TCP,1514
2017-01-19 18:09:55,80,49309,92.53.119.137,TCP,1276
2017-01-19 18:09:55,49309,80,10.1.19.102,TCP,60
2017-01-19 18:09:55,49309,80,10.1.19.102,TCP,60
2017-01-19 18:09:55,80,49309,92.53.119.137,TCP,1395
2017-01-19 18:09:55,80,49309,92.53.119.137,TCP,1395
2017-01-19 18:09:55,80,49309,92.53.119.137,TCP,1395
2017-01-19 18:09:55,80,49309,92.53.119.137,TCP,1395
2017-01-19 18:09:55,80,49309,92.53.119.137,TCP,1395
2017-01-19 18:09:55,80,49309,92.53.119.137,TCP,1395
2017-01-19 18:09:55,49309,80,10.1.19.102,TCP,60
2017-01-19 18:09:55,80,49309,92.53.119.137,TCP,1395
2017-01-19 18:09:55,80,49309,92.53.119.137,TCP,1395
2017-01-19 18:09:55,49309,80,10.1.19.102,TCP,60
2017-01-19 18:09:55,80,49309,92.53.119.137,TCP,1395
2017-01-19 18:09:55,80,49309,92.53.119.137,TCP,1395
2017-01-19 18:09:55,49309,80,10.1.19.102,TCP,60
2017-01-19 18:09:55,80,49309,92.53.119.137,TCP,1514
2017-01-19 18:09:55,80,49309,92.53.119.137,TCP,1276
2017-01-19 18:09:55,49309,80,10.1.19.102,TCP,60
2017-01-19 18:09:55,80,49309,92.53.119.137,TCP,1514
2017-01-19 18:09:55,80,49309,92.53.119.137,TCP,1276
2017-01-19 18:09:55,49309,80,10.1.19.102,TCP,60
2017-01-19 18:09:55,80,49309,92.53.119.137,TCP,1395
2017-01-19 18:09:55,80,49309,92.53.119.137,TCP,1514
2017-01-19 18:09:55,80,49309,92.53.119.137,TCP,1276
2017-01-19 18:09:55,49309,80,10.1.19.102,TCP,60
2017-01-19 18:09:55,80,49309,92.53.119.137,TCP,1395
2017-01-19 18:09:55,80,49309,92.53.119.137,TCP,1514
2017-01-19 18:09:55,80,49309,92.53.119.137,TCP,1514
2017-01-19 18:09:55,80,49309,92.53.119.137,TCP,1157
2017-01-19 18:09:55,80,49309,92.53.119.137,TCP,1395
2017-01-19 18:09:55,49309,80,10.1.19.102,TCP,60
2017-01-19 18:09:55,80,49309,92.53.119.137,TCP,1395
2017-01-19 18:09:55,80,49309,92.53.119.137,TCP,1395
2017-01-19 18:09:55,49309,80,10.1.19.102,TCP,60
2017-01-19 18:09:55,80,49309,92.53.119.137,TCP,1514
2017-01-19 18:09:55,80,49309,92.53.119.137,TCP,1276
2017-01-19 18:09:55,80,49309,92.53.119.137,TCP,1395
2017-01-19 18:09:55,80,49309,92.53.119.137,TCP,1395
2017-01-19 18:09:55,80,49309,92.53.119.137,TCP,1514
2017-01-19 18:09:55,80,49309,92.53.119.137,TCP,1276
2017-01-19 18:09:55,49309,80,10.1.19.102,TCP,60
2017-01-19 18:09:55,80,49309,92.53.119.137,TCP,1395
2017-01-19 18:09:55,80,49309,92.53.119.137,TCP,1395
2017-01-19 18:09:55,80,49309,92.53.119.137,TCP,1514
2017-01-19 18:09:55,80,49309,92.53.119.137,TCP,1276
2017-01-19 18:09:55,80,49309,92.53.119.137,TCP,1395
2017-01-19 18:09:55,49309,80,10.1.19.102,TCP,60
2017-01-19 18:09:55,80,49309,92.53.119.137,TCP,1395
2017-01-19 18:09:55,80,49309,92.53.119.137,TCP,1514
2017-01-19 18:09:55,80,49309,92.53.119.137,TCP,1395
2017-01-19 18:09:55,80,49309,92.53.119.137,TCP,1514
2017-01-19 18:09:55,80,49309,92.53.119.137,TCP,1276
2017-01-19 18:09:55,49309,80,10.1.19.102,TCP,60
2017-01-19 18:09:55,80,49309,92.53.119.137,TCP,1514
2017-01-19 18:09:55,80,49309,92.53.119.137,TCP,1276
2017-01-19 18:09:55,49309,80,10.1.19.102,TCP,60
2017-01-19 18:09:55,80,49309,92.53.119.137,TCP,1395
2017-01-19 18:09:55,80,49309,92.53.119.137,TCP,1395
2017-01-19 18:09:55,80,49309,92.53.119.137,TCP,1395
2017-01-19 18:09:55,80,49309,92.53.119.137,TCP,1395
2017-01-19 18:09:55,80,49309,92.53.119.137,TCP,1514
2017-01-19 18:09:55,80,49309,92.53.119.137,TCP,1276
2017-01-19 18:09:55,80,49309,92.53.119.137,TCP,1514
2017-01-19 18:09:55,80,49309,92.53.119.137,TCP,757
2017-01-19 18:09:55,49309,80,10.1.19.102,TCP,60
2017-01-19 18:09:55,49309,80,10.1.19.102,TCP,60
2017-01-19 18:09:57,49309,80,10.1.19.102,TCP,60
2017-01-19 18:10:52,49297,80,10.1.19.102,TCP,60
2019-12-02 00:59:56,39248,443,192.168.1.158,TCP,66
2019-12-02 00:59:56,39246,443,192.168.1.158,TCP,66
2019-12-02 00:59:56,443,39246,13.227.93.125,TCP,66
2019-12-02 00:59:56,443,39248,13.227.93.125,TCP,66
2019-12-02 00:59:56,47578,443,192.168.1.158,TLSv1.2,438
2019-12-02 00:59:56,47578,443,192.168.1.158,TLSv1.2,571
2019-12-02 00:59:56,443,47578,216.58.202.46,TCP,66
2019-12-02 00:59:56,443,47578,216.58.202.46,TCP,66
2019-12-02 00:59:56,443,47578,216.58.202.46,TLSv1.2,150
2019-12-02 00:59:56,443,47578,216.58.202.46,TLSv1.2,245
2019-12-02 00:59:56,443,47578,216.58.202.46,TLSv1.2,253
2019-12-02 00:59:56,443,47578,216.58.202.46,TLSv1.2,105
2019-12-02 00:59:56,47578,443,192.168.1.158,TCP,66
2019-12-02 00:59:56,47578,443,192.168.1.158,TLSv1.2,105
2019-12-02 00:59:56,443,47578,216.58.202.46,TCP,66
2019-12-02 00:59:58,,,192.168.1.1,IGMPv3,60
2019-12-02 00:59:59,,,192.168.1.1,IGMPv3,70
2019-12-02 01:00:03,,,192.168.1.254,IGMPv3,60
2019-12-02 01:00:06,39248,443,192.168.1.158,TCP,66
2019-12-02 01:00:06,39246,443,192.168.1.158,TCP,66
2019-12-02 01:00:06,443,39246,13.227.93.125,TCP,66
2019-12-02 01:00:06,443,39248,13.227.93.125,TCP,66
2019-12-02 01:00:06,443,38432,107.20.240.232,TLSv1.2,105
2019-12-02 01:00:06,38432,443,192.168.1.158,TCP,66
2019-12-02 01:00:06,38432,443,192.168.1.158,TLSv1.2,105
2019-12-02 01:00:06,443,38432,107.20.240.232,TLSv1.2,90
2019-12-02 01:00:06,38432,443,192.168.1.158,TLSv1.2,90
2019-12-02 01:00:06,38432,443,192.168.1.158,TCP,66
2019-12-02 01:00:06,443,38432,107.20.240.232,TCP,60
2019-12-02 01:00:06,443,38432,107.20.240.232,TCP,60
2019-12-02 01:00:06,443,38432,107.20.240.232,TCP,60
2019-12-02 01:00:06,,,192.168.1.151,IGMPv3,60
2019-12-02 01:00:07,39246,443,192.168.1.158,TLSv1.2,404
2019-12-02 01:00:07,443,39246,13.227.93.125,TCP,1514
2019-12-02 01:00:07,39246,443,192.168.1.158,TCP,66
2019-12-02 01:00:07,443,39246,13.227.93.125,TCP,1514
2019-12-02 01:00:07,39246,443,192.168.1.158,TCP,66
2019-12-02 01:00:07,443,39246,13.227.93.125,TLSv1.2,1145
2019-12-02 01:00:07,39246,443,192.168.1.158,TCP,66
2019-12-02 01:00:07,39246,443,192.168.1.158,TLSv1.2,404
2019-12-02 01:00:07,39246,443,192.168.1.158,TLSv1.2,97
2019-12-02 01:00:07,39246,443,192.168.1.158,TCP,66
2019-12-02 01:00:07,443,39246,13.227.93.125,TCP,66
2019-12-02 01:00:07,443,39246,13.227.93.125,TCP,66
2019-12-02 01:00:07,39246,443,192.168.1.158,TCP,66
2019-12-02 01:00:09,47977,53,192.168.1.158,DNS,74
2019-12-02 01:00:09,53,47977,200.42.4.199,DNS,90
2019-12-02 01:00:09,52818,443,192.168.1.158,TCP,74
2019-12-02 01:00:09,443,52818,172.217.172.68,TCP,74
2019-12-02 01:00:09,52818,443,192.168.1.158,TCP,66
2019-12-02 01:00:09,52818,443,192.168.1.158,TLSv1.3,696
2019-12-02 01:00:09,443,52818,172.217.172.68,TCP,66
2019-12-02 01:00:09,443,52818,172.217.172.68,TLSv1.3,278
2019-12-02 01:00:09,52818,443,192.168.1.158,TCP,66
2019-12-02 01:00:09,52818,443,192.168.1.158,TLSv1.3,130
2019-12-02 01:00:09,52818,443,192.168.1.158,TLSv1.3,236
2019-12-02 01:00:09,52818,443,192.168.1.158,TLSv1.3,495
2019-12-02 01:00:09,443,52818,172.217.172.68,TCP,66
2019-12-02 01:00:09,443,52818,172.217.172.68,TCP,66
2019-12-02 01:00:09,443,52818,172.217.172.68,TCP,66
2019-12-02 01:00:09,443,52818,172.217.172.68,TLSv1.3,630
2019-12-02 01:00:09,52818,443,192.168.1.158,TCP,66
2019-12-02 01:00:09,52818,443,192.168.1.158,TLSv1.3,97
2019-12-02 01:00:09,443,52818,172.217.172.68,TLSv1.3,97
2019-12-02 01:00:09,52818,443,192.168.1.158,TCP,66
2019-12-02 01:00:09,443,52818,172.217.172.68,TCP,66
2019-12-02 01:00:09,443,52818,172.217.172.68,TLSv1.3,463
2019-12-02 01:00:09,52818,443,192.168.1.158,TCP,66
2019-12-02 01:00:09,443,52818,172.217.172.68,TLSv1.3,1484
2019-12-02 01:00:09,52818,443,192.168.1.158,TCP,66
2019-12-02 01:00:09,443,52818,172.217.172.68,TLSv1.3,4320
2019-12-02 01:00:09,52818,443,192.168.1.158,TCP,66
2019-12-02 01:00:09,443,52818,172.217.172.68,TLSv1.3,1106
2019-12-02 01:00:09,52818,443,192.168.1.158,TCP,66
2019-12-02 01:00:09,443,52818,172.217.172.68,TLSv1.3,1484
2019-12-02 01:00:09,52818,443,192.168.1.158,TCP,66
2019-12-02 01:00:09,443,52818,172.217.172.68,TLSv1.3,1484
2019-12-02 01:00:09,52818,443,192.168.1.158,TCP,66
2019-12-02 01:00:09,443,52818,172.217.172.68,TLSv1.3,1484
2019-12-02 01:00:09,52818,443,192.168.1.158,TCP,66
2019-12-02 01:00:09,443,52818,172.217.172.68,TLSv1.3,1484
2019-12-02 01:00:09,52818,443,192.168.1.158,TCP,66
2019-12-02 01:00:09,443,52818,172.217.172.68,TLSv1.3,1484
2019-12-02 01:00:09,52818,443,192.168.1.158,TCP,66
2019-12-02 01:00:09,443,52818,172.217.172.68,TLSv1.3,1309
2019-12-02 01:00:09,52818,443,192.168.1.158,TCP,66
2019-12-02 01:00:09,443,52818,172.217.172.68,TLSv1.3,1484
2019-12-02 01:00:09,443,52818,172.217.172.68,TLSv1.3,2902
2019-12-02 01:00:09,52818,443,192.168.1.158,TCP,66
2019-12-02 01:00:09,443,52818,172.217.172.68,TLSv1.3,1484
2019-12-02 01:00:09,443,52818,172.217.172.68,TLSv1.3,2727
2019-12-02 01:00:09,52818,443,192.168.1.158,TCP,66
2019-12-02 01:00:09,443,52818,172.217.172.68,TLSv1.3,1484
2019-12-02 01:00:09,443,52818,172.217.172.68,TLSv1.3,1484
2019-12-02 01:00:09,52818,443,192.168.1.158,TCP,66
2019-12-02 01:00:09,443,52818,172.217.172.68,TLSv1.3,1484
2019-12-02 01:00:09,443,52818,172.217.172.68,TLSv1.3,1484
2019-12-02 01:00:09,52818,443,192.168.1.158,TCP,66
2019-12-02 01:00:09,443,52818,172.217.172.68,TLSv1.3,1484
2019-12-02 01:00:09,443,52818,172.217.172.68,TLSv1.3,1484
2019-12-02 01:00:09,52818,443,192.168.1.158,TCP,66
2019-12-02 01:00:09,443,52818,172.217.172.68,TLSv1.3,2902
2019-12-02 01:00:09,52818,443,192.168.1.158,TCP,66
2019-12-02 01:00:09,443,52818,172.217.172.68,TLSv1.3,1484
2019-12-02 01:00:09,52818,443,192.168.1.158,TCP,66
2019-12-02 01:00:09,443,52818,172.217.172.68,TLSv1.3,1484
2019-12-02 01:00:09,52818,443,192.168.1.158,TCP,66
2019-12-02 01:00:09,443,52818,172.217.172.68,TLSv1.3,1484
2019-12-02 01:00:09,52818,443,192.168.1.158,TCP,66
2019-12-02 01:00:09,443,52818,172.217.172.68,TLSv1.3,1484
2019-12-02 01:00:09,52818,443,192.168.1.158,TCP,66
2019-12-02 01:00:09,443,52818,172.217.172.68,TLSv1.3,1484
2019-12-02 01:00:09,52818,443,192.168.1.158,TCP,66
2019-12-02 01:00:09,443,52818,172.217.172.68,TLSv1.3,1484
2019-12-02 01:00:09,52818,443,192.168.1.158,TCP,66
2019-12-02 01:00:09,443,52818,172.217.172.68,TLSv1.3,2902
2019-12-02 01:00:09,52818,443,192.168.1.158,TCP,66
2019-12-02 01:00:09,443,52818,172.217.172.68,TLSv1.3,1484
2019-12-02 01:00:09,52818,443,192.168.1.158,TCP,66
2019-12-02 01:00:09,443,52818,172.217.172.68,TLSv1.3,1484
2019-12-02 01:00:09,52818,443,192.168.1.158,TCP,66
2019-12-02 01:00:09,443,52818,172.217.172.68,TLSv1.3,1484
2019-12-02 01:00:09,52818,443,192.168.1.158,TCP,66
2019-12-02 01:00:09,443,52818,172.217.172.68,TLSv1.3,1484
2019-12-02 01:00:09,52818,443,192.168.1.158,TCP,66
2019-12-02 01:00:09,443,52818,172.217.172.68,TLSv1.3,1484
2019-12-02 01:00:09,52818,443,192.168.1.158,TCP,66
2019-12-02 01:00:09,443,52818,172.217.172.68,TLSv1.3,1484
2019-12-02 01:00:09,52818,443,192.168.1.158,TCP,66
2019-12-02 01:00:09,443,52818,172.217.172.68,TLSv1.3,1484
2019-12-02 01:00:09,52818,443,192.168.1.158,TCP,66
2019-12-02 01:00:09,443,52818,172.217.172.68,TLSv1.3,1484
2019-12-02 01:00:09,52818,443,192.168.1.158,TCP,66
2019-12-02 01:00:09,443,52818,172.217.172.68,TLSv1.3,471
2019-12-02 01:00:09,52818,443,192.168.1.158,TCP,66
2019-12-02 01:00:09,443,52818,172.217.172.68,TLSv1.3,292
2019-12-02 01:00:09,52818,443,192.168.1.158,TCP,66
2019-12-02 01:00:09,443,52818,172.217.172.68,TLSv1.3,1210
2019-12-02 01:00:09,52818,443,192.168.1.158,TCP,66
2019-12-02 01:00:09,443,52818,172.217.172.68,TLSv1.3,97
2019-12-02 01:00:09,443,52818,172.217.172.68,TLSv1.3,105
2019-12-02 01:00:09,52818,443,192.168.1.158,TCP,66
2019-12-02 01:00:09,52818,443,192.168.1.158,TLSv1.3,105
2019-12-02 01:00:09,443,52818,172.217.172.68,TCP,66
2019-12-02 01:00:09,52818,443,192.168.1.158,TLSv1.3,221
2019-12-02 01:00:09,52818,443,192.168.1.158,TLSv1.3,101
2019-12-02 01:00:09,443,52818,172.217.172.68,TCP,66
2019-12-02 01:00:09,443,52818,172.217.172.68,TCP,66
2019-12-02 01:00:09,34593,53,192.168.1.158,DNS,87
2019-12-02 01:00:10,53,34593,200.42.4.199,DNS,103
2019-12-02 01:00:10,53860,443,192.168.1.158,TCP,74
2019-12-02 01:00:10,443,53860,172.217.30.234,TCP,74
2019-12-02 01:00:10,53860,443,192.168.1.158,TCP,66
2019-12-02 01:00:10,53860,443,192.168.1.158,TLSv1.3,709
2019-12-02 01:00:10,443,53860,172.217.30.234,TCP,66
2019-12-02 01:00:10,443,53860,172.217.30.234,TLSv1.3,278
2019-12-02 01:00:10,53860,443,192.168.1.158,TCP,66
2019-12-02 01:00:10,53860,443,192.168.1.158,TLSv1.3,130
2019-12-02 01:00:10,53860,443,192.168.1.158,TLSv1.3,236
2019-12-02 01:00:10,53860,443,192.168.1.158,TLSv1.3,490
2019-12-02 01:00:10,443,53860,172.217.30.234,TLSv1.3,630
2019-12-02 01:00:10,53860,443,192.168.1.158,TCP,66
2019-12-02 01:00:10,53860,443,192.168.1.158,TLSv1.3,97
2019-12-02 01:00:10,443,53860,172.217.30.234,TCP,66
2019-12-02 01:00:10,443,53860,172.217.30.234,TLSv1.3,97
2019-12-02 01:00:10,53860,443,192.168.1.158,TCP,66
2019-12-02 01:00:10,443,53860,172.217.30.234,TCP,66
2019-12-02 01:00:10,443,53860,172.217.30.234,TLSv1.3,383
2019-12-02 01:00:10,53860,443,192.168.1.158,TCP,66
2019-12-02 01:00:10,443,53860,172.217.30.234,TLSv1.3,556
2019-12-02 01:00:10,53860,443,192.168.1.158,TCP,66
2019-12-02 01:00:10,443,53860,172.217.30.234,TLSv1.3,105
2019-12-02 01:00:10,53860,443,192.168.1.158,TCP,66
2019-12-02 01:00:10,53860,443,192.168.1.158,TLSv1.3,105
2019-12-02 01:00:10,443,53860,172.217.30.234,TCP,66
2019-12-02 01:00:11,52818,443,192.168.1.158,TLSv1.3,319
2019-12-02 01:00:11,443,52818,172.217.172.68,TCP,66
2019-12-02 01:00:11,52818,443,192.168.1.158,TLSv1.3,238
2019-12-02 01:00:11,443,52818,172.217.172.68,TLSv1.3,262
2019-12-02 01:00:11,443,52818,172.217.172.68,TLSv1.3,245
2019-12-02 01:00:11,443,52818,172.217.172.68,TLSv1.3,98
2019-12-02 01:00:11,443,52818,172.217.172.68,TLSv1.3,97
2019-12-02 01:00:11,443,52818,172.217.172.68,TLSv1.3,105
2019-12-02 01:00:11,52818,443,192.168.1.158,TCP,66
2019-12-02 01:00:11,52818,443,192.168.1.158,TLSv1.3,105
2019-12-02 01:00:11,443,52818,172.217.172.68,TCP,66
2019-12-02 01:00:11,443,52818,172.217.172.68,TCP,66
2019-12-02 01:00:11,443,52818,172.217.172.68,TLSv1.3,137
2019-12-02 01:00:11,443,52818,172.217.172.68,TLSv1.3,262
2019-12-02 01:00:11,52818,443,192.168.1.158,TCP,66
2019-12-02 01:00:11,443,52818,172.217.172.68,TLSv1.3,98
2019-12-02 01:00:11,443,52818,172.217.172.68,TLSv1.3,97
2019-12-02 01:00:11,443,52818,172.217.172.68,TLSv1.3,105
2019-12-02 01:00:11,52818,443,192.168.1.158,TCP,66
2019-12-02 01:00:11,52818,443,192.168.1.158,TLSv1.3,105
2019-12-02 01:00:11,443,52818,172.217.172.68,TCP,66
2019-12-02 01:00:11,52818,443,192.168.1.158,TLSv1.3,239
2019-12-02 01:00:11,443,52818,172.217.172.68,TCP,66
2019-12-02 01:00:11,443,52818,172.217.172.68,TLSv1.3,137
2019-12-02 01:00:11,443,52818,172.217.172.68,TLSv1.3,225
2019-12-02 01:00:11,52818,443,192.168.1.158,TCP,66
2019-12-02 01:00:11,443,52818,172.217.172.68,TLSv1.3,98
2019-12-02 01:00:11,443,52818,172.217.172.68,TLSv1.3,97
2019-12-02 01:00:11,443,52818,172.217.172.68,TLSv1.3,105
2019-12-02 01:00:11,52818,443,192.168.1.158,TCP,66
2019-12-02 01:00:11,52818,443,192.168.1.158,TLSv1.3,105
2019-12-02 01:00:11,443,52818,172.217.172.68,TCP,66
2019-12-02 01:00:12,52818,443,192.168.1.158,TLSv1.3,306
2019-12-02 01:00:12,443,52818,172.217.172.68,TCP,66
2019-12-02 01:00:12,443,52818,172.217.172.68,TLSv1.3,220
2019-12-02 01:00:12,443,52818,172.217.172.68,TLSv1.3,1484
2019-12-02 01:00:12,52818,443,192.168.1.158,TCP,66
2019-12-02 01:00:12,443,52818,172.217.172.68,TLSv1.3,4320
2019-12-02 01:00:12,52818,443,192.168.1.158,TCP,66
2019-12-02 01:00:12,443,52818,172.217.172.68,TLSv1.3,1484
2019-12-02 01:00:12,443,52818,172.217.172.68,TLSv1.3,1183
2019-12-02 01:00:12,52818,443,192.168.1.158,TCP,66
2019-12-02 01:00:12,443,52818,172.217.172.68,TLSv1.3,1484
